-- --------------------------------------------------------
-- Host:                         127.0.0.1
-- Versión del servidor:         8.0.42 - MySQL Community Server - GPL
-- SO del servidor:              Win64
-- HeidiSQL Versión:             12.11.0.7065
-- --------------------------------------------------------

/*!40101 SET @OLD_CHARACTER_SET_CLIENT=@@CHARACTER_SET_CLIENT */;
/*!40101 SET NAMES utf8 */;
/*!50503 SET NAMES utf8mb4 */;
/*!40103 SET @OLD_TIME_ZONE=@@TIME_ZONE */;
/*!40103 SET TIME_ZONE='+00:00' */;
/*!40014 SET @OLD_FOREIGN_KEY_CHECKS=@@FOREIGN_KEY_CHECKS, FOREIGN_KEY_CHECKS=0 */;
/*!40101 SET @OLD_SQL_MODE=@@SQL_MODE, SQL_MODE='NO_AUTO_VALUE_ON_ZERO' */;
/*!40111 SET @OLD_SQL_NOTES=@@SQL_NOTES, SQL_NOTES=0 */;

-- Volcando datos para la tabla trailerflix.actores: ~36 rows (aproximadamente)
INSERT INTO `actores` (`actores_id`, `nombre_completo`) VALUES
	(1, 'Alana Cavanaugh'),
	(2, 'Daniel Kaluuya'),
	(3, 'Simon Russell Beale'),
	(4, 'Simona Brown'),
	(5, 'Dash Mihok'),
	(6, 'Jack Black'),
	(7, 'Matthew Modine'),
	(8, 'C.C. Smiff'),
	(9, 'Jean Smart'),
	(10, 'Portia Doubleday'),
	(11, 'Daniella Pineda'),
	(12, 'Robert Aramayo'),
	(13, 'Julianne Hough'),
	(14, 'Jaime Lorente'),
	(15, 'Lesley Ann Warren'),
	(16, 'Jesse Eisenberg'),
	(17, 'Kevin Layne'),
	(18, 'Richard Schiff'),
	(19, 'Jake Cherry'),
	(20, 'Justin Timberlake'),
	(21, 'Neil Maskell'),
	(22, 'Steve Coogan'),
	(23, 'Óscar Jaenada'),
	(24, 'Miley Cyrus'),
	(25, 'Kristin Scott Thomas'),
	(26, 'Adam Goldberg'),
	(27, 'Michael Fassbender'),
	(28, 'Macaulay Culkin'),
	(29, 'Pablo Calva'),
	(30, 'Stellan Skarsgård'),
	(31, 'Christopher Lloyd'),
	(32, 'Dana Ivey'),
	(33, 'Jesse L. Martin'),
	(34, 'Louis Herthum'),
	(35, 'Paul Newman'),
	(36, 'Casey Cott'),
	(37, 'Scoot McNairy'),
	(38, 'Geena Davis'),
	(39, 'Mickey Rooney'),
	(40, 'John Lebar'),
	(41, 'Janelle Bailley'),
	(42, 'Harry Melling'),
	(43, 'Nick Bartlett'),
	(44, 'Lucas Jade Zumann'),
	(45, 'Julee Cerda'),
	(46, 'Guy Pierce'),
	(47, 'Wayne Pére'),
	(48, 'Paul Lawrence Kitson'),
	(49, 'AJ Michalka'),
	(50, 'Michael Lombard'),
	(51, 'Ian McKellen'),
	(52, 'Carla Gallo'),
	(53, 'Predrag Bjelac'),
	(54, 'Noomi Rapace'),
	(55, 'Jennifer Lawrence'),
	(56, 'Sharon Warren'),
	(57, 'Kate Dickie'),
	(58, 'Adam Nagaitis'),
	(59, 'Amy Manson'),
	(60, 'Basher Savage'),
	(61, 'Jeremy Ray'),
	(62, 'Ramón Rodríguez'),
	(63, 'Justice Smith'),
	(64, 'Evan Rachel Wood'),
	(65, 'Mike White'),
	(66, 'Anya Taylor-Joy'),
	(67, 'John DiMaggio'),
	(68, 'Tom Hollander'),
	(69, 'Alec Baldwin'),
	(70, 'Lena Headey'),
	(71, 'Nick Jonas'),
	(72, 'William O\'Malley'),
	(73, 'Mindy Kaling'),
	(74, 'Aurora Perrineau'),
	(75, 'Anna Paquin'),
	(76, 'Zazie Beetz'),
	(77, 'Tim Robbins'),
	(78, 'Catherine Curtin'),
	(79, 'Sheila Shaw'),
	(80, 'Elisabeth Hopper'),
	(81, 'Mizuo Peck'),
	(82, 'Diedrich Bader'),
	(83, 'Aaron Paul'),
	(84, 'Shamier Anderson'),
	(85, 'Toni Collette'),
	(86, 'Mia Farrow'),
	(87, 'Jake Gyllenhaal Rebecca Ferguson'),
	(88, 'Jonathan Ke Quan'),
	(89, 'Izabella Alvarez'),
	(90, 'Sonoya Mizuno'),
	(91, 'Úrsula Corberó'),
	(92, 'Jeff Goldblum'),
	(93, 'James McAvoy'),
	(94, 'Alison Wright'),
	(95, 'Noah Emmerich'),
	(96, 'Paige Spara'),
	(97, 'Rami Malek'),
	(98, 'Alastair Mackenzie'),
	(99, 'Bruce Harwood'),
	(100, 'Anthony Hopkins'),
	(101, 'Ellen Burstyn'),
	(102, 'Stephanie Kurtzuba'),
	(103, 'Adam Pascal'),
	(104, 'Will Ferrell'),
	(105, 'David Castañeda'),
	(106, 'Morgan Turner'),
	(107, 'Ryan Robbins'),
	(108, 'Angourie Rice'),
	(109, 'Eli Roth'),
	(110, 'Tom Hopper'),
	(111, 'Rhona Mitra'),
	(112, 'Sam Worthington'),
	(113, 'Robert De Niro'),
	(114, 'Luke Allen-Gale'),
	(115, 'Winona Ryder'),
	(116, 'Steve Nicolson'),
	(117, 'George Clooney'),
	(118, 'Judd Hirsch'),
	(119, 'Uli Latukefu'),
	(120, 'Jake Gyllenhaal'),
	(121, 'Noah Wyle'),
	(122, 'Rashida Jones'),
	(123, 'Demián Bichir'),
	(124, 'Imogen Poots'),
	(125, 'Angel Giuffria'),
	(126, 'Richard Ayoade'),
	(127, 'Phoebe Fox'),
	(128, 'Jackson Bews'),
	(129, 'Corey Feldman'),
	(130, 'Kathleen Quinlan'),
	(131, 'Hiroyuki Sanada'),
	(132, 'Margot Robbie'),
	(133, 'David Thewlis'),
	(134, 'Michael Angarano'),
	(135, 'John Goodman'),
	(136, 'Nikolaj Coster-Waldau'),
	(137, 'Chetna Pandya'),
	(138, 'Moses Ingram'),
	(139, 'Jason Miller'),
	(140, 'Benedict Cumberbatch'),
	(141, 'Marianna Di Martino'),
	(142, 'Daniel Stern'),
	(143, 'Carel Struycken'),
	(144, 'Dennis Keiffer'),
	(145, 'Candice Patton'),
	(146, 'David Duchovny'),
	(147, 'Joakim Skarli'),
	(148, 'Susan Blommaert'),
	(149, 'Max Minghella'),
	(150, 'Mahershala Ali'),
	(151, 'Sean Harris'),
	(152, 'Cynthia Addai-Robinson'),
	(153, 'Chloe Pirrie'),
	(154, 'Omar Epps'),
	(155, 'Corey Stoll'),
	(156, 'Amy Seimetz'),
	(157, 'Ted Levine'),
	(158, 'Enver Gjokaj'),
	(159, 'Jesse Plemons'),
	(160, 'Sophie Turner'),
	(161, 'Tom Braidwood'),
	(162, 'Colin Farrell'),
	(163, 'Tom Prior'),
	(164, 'Tate Donovan'),
	(165, 'Carmen Ejogo'),
	(166, 'Ray Romano'),
	(167, 'Eric André'),
	(168, 'Thusitha Jayasumdera'),
	(169, 'Will Forte'),
	(170, 'Gemma Chan'),
	(171, 'Martha Plimpton'),
	(172, 'Tony Shalhoub'),
	(173, 'Kate Hudson'),
	(174, 'Jessica Szohr'),
	(175, 'Nina Bergman'),
	(176, 'Chris Ellis'),
	(177, 'Jerremy Shamos'),
	(178, 'Tom McGrath Danny Jacobs'),
	(179, 'Ben Miller'),
	(180, 'Vince Vaughn'),
	(181, 'Martin Henderson'),
	(182, 'Emilia Clarke'),
	(183, 'Itziar Ituño'),
	(184, 'Esther Acebo'),
	(185, 'Freddie Highmore'),
	(186, 'Jon Voight'),
	(187, 'Amybeth McNulty'),
	(188, 'Toby Huss'),
	(189, 'Theo James'),
	(190, 'Amy Beth Hayes'),
	(191, 'David Ajala'),
	(192, 'Will Smith'),
	(193, 'David Morse'),
	(194, 'Armie Hammer Alicia Vikander'),
	(195, 'Erica Frene'),
	(196, 'Tobias Menzies'),
	(197, 'Julia Davis'),
	(198, 'Gugu Mbatha-Raw'),
	(199, 'Martin Casella'),
	(200, 'Sedona Legge'),
	(201, 'Melissa Rauch'),
	(202, 'Branwell Donaghey'),
	(203, 'Shia LaBeouf'),
	(204, 'Dianne Wiest'),
	(205, 'Ashely Thomas'),
	(206, 'Bill Cobbs'),
	(207, 'Joseph Mazzello'),
	(208, 'Nicole Sullivan Christopher Knights'),
	(209, 'Audrey Tautou'),
	(210, 'Ving Rhames'),
	(211, 'Rodrigo Santoro'),
	(212, 'Neal Huff'),
	(213, 'Chinasa Ogbuagu'),
	(214, 'Stacy Martin'),
	(215, 'Kate Walsh'),
	(216, 'Harry Lloyd'),
	(217, 'Caitriona Balfe'),
	(218, 'Tygh Runyan'),
	(219, 'Alexander England'),
	(220, 'Jim Broadbent'),
	(221, 'Hillary Wolf'),
	(222, 'Vanessa Redgrave'),
	(223, 'Courteney Cox'),
	(224, 'Toby Jones'),
	(225, 'José Manuel Trujillo Salas'),
	(226, 'Álvaro Morte'),
	(227, 'Robert Davi'),
	(228, 'Leslie David Baker'),
	(229, 'Michael Wallis'),
	(230, 'Frances Conroy'),
	(231, 'Karen Gillan'),
	(232, 'Anne Hathaway'),
	(233, 'Sophia Lillis'),
	(234, 'Demetri Goritsas'),
	(235, 'Fred Melamed'),
	(236, 'Billy Jenkins'),
	(237, 'Robin Williams'),
	(238, 'Denise Crosby'),
	(239, 'Oscar Isaac'),
	(240, 'Carmela Zumbado'),
	(241, 'Bill Skarsgård'),
	(242, 'Robert Patrick'),
	(243, 'Lee J. Cobb'),
	(244, 'Russell Crowe'),
	(245, 'Shea Whigham'),
	(246, 'Bill Hader'),
	(247, 'Benjamin Sokolow'),
	(248, 'Kunal Nayyar'),
	(249, 'Corrine Koslo'),
	(250, 'Daniel Dae Kim'),
	(251, 'Josh Brolin'),
	(252, 'Jimmi Simpson'),
	(253, 'Sandra Bullock'),
	(254, 'Rafe Spall'),
	(255, 'Guru Singh'),
	(256, 'Wyatt Oleff'),
	(257, 'Jamie Foxx'),
	(258, 'Salli Richardson-Whitfield'),
	(259, 'Ryan Gosling'),
	(260, 'Anthony Michael'),
	(261, 'Bella Dayne'),
	(262, 'Bobby Cannavale'),
	(263, 'Kyle Chandler'),
	(264, 'Karen Ceesay'),
	(265, 'Sam Claflin'),
	(266, 'Regina King'),
	(267, 'Jeffrey Wright'),
	(268, 'Lupita Nyong\'o'),
	(269, 'Willow Smith'),
	(270, 'Tess Haubrich'),
	(271, 'Larry the Cable Guy'),
	(272, 'Common'),
	(273, 'Linda Blair'),
	(274, 'Paul Giamatti'),
	(275, 'Marisol Nichols'),
	(276, 'Jennifer Ehle'),
	(277, 'Jake Davies'),
	(278, 'Lorina Kamburova'),
	(279, 'Harry Lennix'),
	(280, 'Rhys Darby'),
	(281, 'Benefict Wong'),
	(282, 'Jake Presley'),
	(283, 'Gabriel Basso'),
	(284, 'Geraldine James'),
	(285, 'Chadwick Boseman'),
	(286, 'Rachael Leigh Cook'),
	(287, 'Charlie'),
	(288, 'Misty Rosas'),
	(289, 'J.K. Simmons'),
	(290, 'Aneurin Barnard'),
	(291, 'Lucy Carless'),
	(292, 'Catherine O\'Hara'),
	(293, 'Geraldine Chaplin'),
	(294, 'Génesis Rodríguez'),
	(295, 'Gaten Matarazzo'),
	(296, 'Dominique Dunne'),
	(297, 'Lee Wilkof'),
	(298, 'Xander Berkeley'),
	(299, 'Noel Fielding'),
	(300, 'Kiran Sonia Sawar'),
	(301, 'John Lithgow'),
	(302, 'Roger Corman'),
	(303, 'Julia Stiles'),
	(304, 'Steve Carell'),
	(305, 'Isabella Sermon'),
	(306, 'Josh Brener'),
	(307, 'Tyler Labine'),
	(308, 'Jerome Flynn'),
	(309, 'Ariana Neal'),
	(310, 'Benjamin Rigby'),
	(311, 'Parvesh Ceena'),
	(312, 'Dominic Mafham'),
	(313, 'Marion Cotillard'),
	(314, 'Lucy Hutchinson'),
	(315, 'Henry Czerny'),
	(316, 'Gwyneth Paltrow'),
	(317, 'Taraji P. Henson'),
	(318, 'Jean Reno'),
	(319, 'Aidan Gillen'),
	(320, 'Thomas Brodie-Sangster'),
	(321, 'Thandiwe Newton'),
	(322, 'Dwayne Johnson'),
	(323, 'Gemma Zamprogna'),
	(324, 'Adam Cozens'),
	(325, 'Frances McDormand'),
	(326, 'Kaley Cuoco'),
	(327, 'Judy Greer'),
	(328, 'Ashton Kutcher'),
	(329, 'Shane Steyn'),
	(330, 'Clifton Powell'),
	(331, 'Kevin Bacon'),
	(332, 'Rory Kinnear'),
	(333, 'Logan Marshall-Green'),
	(334, 'Jogn Hawkes'),
	(335, 'Mason Guccione'),
	(336, 'Nick Chinlund'),
	(337, 'Mike Myers'),
	(338, 'Rob Riggle'),
	(339, 'Eve Hewson'),
	(340, 'Sacha Dhawan'),
	(341, 'Rizwan Manji'),
	(342, 'Chris Evans'),
	(343, 'Kit Harington'),
	(344, 'Conchata Ferrel'),
	(345, 'Anisha Nagarajan'),
	(346, 'Ed Harris'),
	(347, 'Finn Wolfhard'),
	(348, 'Olga Dihovichnaya'),
	(349, 'Georgina Campbell'),
	(350, 'Mackenzie Davis'),
	(351, 'Awkwafina'),
	(352, 'Pete Postlethwaite'),
	(353, 'Barton Heyman'),
	(354, 'Susannah Fielding'),
	(355, 'Jason Momoa'),
	(356, 'Hannah John-Kamen'),
	(357, 'Karen Allen'),
	(358, 'Harvey Guillén'),
	(359, 'Vanessa Kirby'),
	(360, 'Carlos Valdes'),
	(361, 'Curtis Armstrong'),
	(362, 'Bonnie Hunt'),
	(363, 'Roberts Blossom'),
	(364, 'Bill Paxton'),
	(365, 'Bryan Cranston'),
	(366, 'Jussie Smollett'),
	(367, 'Jonathan Aris'),
	(368, 'Paul Ritter'),
	(369, 'Leonardo Nam'),
	(370, 'Olivia Wilde'),
	(371, 'Michael C. Maronna'),
	(372, 'James Franco'),
	(373, 'Chris O\'Dowd'),
	(374, 'Jaeden Martell'),
	(375, 'Bokeem Woodbine'),
	(376, 'Anna Wilson-Jones'),
	(377, 'Paul Dooley'),
	(378, 'Danny DeVito'),
	(379, 'Miranda Cosgrove'),
	(380, 'Madeline Brewer'),
	(381, 'Heather O\'Rourke'),
	(382, 'Tom Hanks'),
	(383, 'Nicholas Hamilton'),
	(384, 'Cherry Jones'),
	(385, 'Alex Wolff'),
	(386, 'Matt Damon'),
	(387, 'Michael Keaton'),
	(388, 'Sosie Bacon'),
	(389, 'Emmanuelle Béart'),
	(390, 'R. H. Thomson'),
	(391, 'Emily Watson'),
	(392, 'Angus Macfadyen'),
	(393, 'Jorja Fox'),
	(394, 'John Gertz'),
	(395, 'Mark Strong'),
	(396, 'Jennifer Connelly'),
	(397, 'Amr Waked'),
	(398, 'Aidan Gallagher'),
	(399, 'Christopher Plummer'),
	(400, 'Matthew Beard'),
	(401, 'Jeffrey Tambor'),
	(402, 'Elliot Page'),
	(403, 'Ben Affleck'),
	(404, 'Liev Schreiber'),
	(405, 'Faye Marsay'),
	(406, 'Joel Courtney'),
	(407, 'Rose Byrne'),
	(408, 'Giancarlo Esposito'),
	(409, 'Victor Garber'),
	(410, 'Gary Anthony Williams'),
	(411, 'Natalia Dyer'),
	(412, 'Glen Powell'),
	(413, 'Ben Rappaport'),
	(414, 'Rio Hackford'),
	(415, 'J.G. Hertzler'),
	(416, 'Chosen Jacobs'),
	(417, 'Johnny Galecki'),
	(418, 'David Harbour'),
	(419, 'Irrfan Khan'),
	(420, 'Toma Bateman'),
	(421, 'Tom Cavanagh'),
	(422, 'Dick Van Dyke'),
	(423, 'BD Wong'),
	(424, 'Simon Helberg'),
	(425, 'Josh Lucas'),
	(426, 'Anna Kendrick'),
	(427, 'Jeff Mash Patrick Kennedy'),
	(428, 'James Lance'),
	(429, 'Ron Yuan'),
	(430, 'Diego Boneta'),
	(431, 'Terence Harvey'),
	(432, 'Robert Downey Jr.'),
	(433, 'Peter Dinklage'),
	(434, 'Ryan Phillippe'),
	(435, 'John Krasinski'),
	(436, 'Theo Stevenson'),
	(437, 'Matt LeBlanc'),
	(438, 'Michael B. Jordan'),
	(439, 'Claire Selby'),
	(440, 'Holland Taylor'),
	(441, 'Keira Knightley'),
	(442, 'Kid Cudi'),
	(443, 'Ian Bonar'),
	(444, 'Kristoffer Polaha'),
	(445, 'Sean Astin'),
	(446, 'John Heard'),
	(447, 'Jessica Chastain'),
	(448, 'Michael Kelly'),
	(449, 'Indira Ainger'),
	(450, 'Lee Pace'),
	(451, 'Heaton'),
	(452, 'Allen Leech'),
	(453, 'Angus T. Jones'),
	(454, 'Angela Kinsey'),
	(455, 'Patrick Wilson'),
	(456, 'William B. Davis'),
	(457, 'Claire Keelan'),
	(458, 'Mitch Pileggi'),
	(459, 'Rainn Wilson'),
	(460, 'Danny Webb'),
	(461, 'Ron Eldard'),
	(462, 'Fred Gwynne'),
	(463, 'Rowan Atkinson'),
	(464, 'Florence Pugh'),
	(465, 'Nick Robinson'),
	(466, 'Tim Woodward'),
	(467, 'Kathrine Narducci'),
	(468, 'Elle Fanning'),
	(469, 'Madison Iseman'),
	(470, 'Lukas Haas'),
	(471, 'Haruka Kuroda Camiel Warren-Taylor'),
	(472, 'John Hurt'),
	(473, 'Radhika Chaudhari'),
	(474, 'Christina Ricci'),
	(475, 'Olivia Colman'),
	(476, 'Mark Ruffalo'),
	(477, 'Gana Bayarsaikhan'),
	(478, 'Seamus Davey-Fitzpatrick'),
	(479, 'Jola Bokinni'),
	(480, 'Letitia Wright'),
	(481, 'Bruno Amato'),
	(482, 'Raúl Juliá'),
	(483, 'Armie Hammer'),
	(484, 'Julianne Nicholson'),
	(485, 'Alfred Molina'),
	(486, 'Zoey Deschanel'),
	(487, 'Jalil Jay Lynch'),
	(488, 'Matt Letscher'),
	(489, 'Natalie Imbruglia'),
	(490, 'Vincent D\'Onofrio'),
	(491, 'Jason Clarke'),
	(492, 'Paul Bettany'),
	(493, 'Don Thompson'),
	(494, 'Pippa Black'),
	(495, 'Chris Bartlett'),
	(496, 'David Schwimmer'),
	(497, 'John Malkovich'),
	(498, 'Katherine Waterston'),
	(499, 'Anthony Mackie'),
	(500, 'Carla Gugino'),
	(501, 'Charlie Sheen'),
	(502, 'Jack MacGowran'),
	(503, 'Ryan Reynolds'),
	(504, 'Spike Jonze'),
	(505, 'Malin Åkerman'),
	(506, 'JoBeth Williams'),
	(507, 'Etienne Chicot'),
	(508, 'Blake Lively'),
	(509, 'Cailee Spaeny'),
	(510, 'Ioan Gruffudd'),
	(511, 'Alan Arkin'),
	(512, 'Fiona Gubelmann'),
	(513, 'Kevin Costner'),
	(514, 'Tyler Howitt'),
	(515, 'Beatrice Straight'),
	(516, 'Octavia Spencer'),
	(517, 'Georgie Glen'),
	(518, 'Nicholas Logan'),
	(519, 'Jude Law'),
	(520, 'C.J. Sanders'),
	(521, 'Sinéad Matthews'),
	(522, 'Lili Reinhart'),
	(523, 'Adeel Akhtar'),
	(524, 'James Weber Brown'),
	(525, 'Cameron Mann'),
	(526, 'Sarah Abbott'),
	(527, 'Ingeborga Dapkünaitè'),
	(528, 'Rosie Perez'),
	(529, 'Kate Flannery'),
	(530, 'Jonas Karlsson'),
	(531, 'Ewan McGregor'),
	(532, 'David Denman'),
	(533, 'Miguel Herrán'),
	(534, 'Charles Dance'),
	(535, 'Daeg Faerch'),
	(536, 'Andy Richter'),
	(537, 'Dan Hedaya'),
	(538, 'Danny Glover'),
	(539, 'Anthony Rapp'),
	(540, 'Stephen Spinella'),
	(541, 'Joan Cusack'),
	(542, 'Amy Warren'),
	(543, 'B.J. Novak'),
	(544, 'Robin Wright'),
	(545, 'Miko Hughes'),
	(546, 'Elizabeth Wilson'),
	(547, 'Jeff Daniel Phillips'),
	(548, 'Marin Hinkle'),
	(549, 'Noah Jupe'),
	(550, 'Laurence Fishburne'),
	(551, 'Nicholas Gonzalez'),
	(552, 'Callie Hernandez'),
	(553, 'Emily Bayiokos'),
	(554, 'Michael Peña'),
	(555, 'Will Yun Lee'),
	(556, 'Brian Baumgartner'),
	(557, 'Shannon Woodward'),
	(558, 'Will Tudor'),
	(559, 'Ariane Labed'),
	(560, 'Tait Fletcher'),
	(561, 'Fairuzza Balk'),
	(562, 'Camila Mendes'),
	(563, 'James Northcote'),
	(564, 'Kristin Brock'),
	(565, 'Chris Pine'),
	(566, 'Janina Elkin'),
	(567, 'Ned Bellamy'),
	(568, 'Nathaniel Dean'),
	(569, 'Misha Kuznetsov'),
	(570, 'Vincent Cassel'),
	(571, 'Chris Pratt'),
	(572, 'Burn Gorman'),
	(573, 'Aldis Hodge'),
	(574, 'John Boyega'),
	(575, 'Richard Rountree'),
	(576, 'James McArdle'),
	(577, 'Rebecca Hazlewood'),
	(578, 'Mia Goth'),
	(579, 'Angela Sarafyan'),
	(580, 'William Hurt'),
	(581, 'Amy Huck'),
	(582, 'Annabel Davis'),
	(583, 'Aasif Mandvi'),
	(584, 'Andrew Roux'),
	(585, 'Vincent Piazza'),
	(586, 'Tom Binns'),
	(587, 'Wayne Knight'),
	(588, 'Chris Messina'),
	(589, 'Colin Hanks'),
	(590, 'Jay Ryan'),
	(591, 'Kerry Washington'),
	(592, 'Ser\'Darius Blain'),
	(593, 'Ian Whyte'),
	(594, 'Gwilym Lee'),
	(595, 'Igor Jijikine'),
	(596, 'Douglas McFerran'),
	(597, 'Emily Berrington'),
	(598, 'Alex Lawther'),
	(599, 'Kate McGregor-Stewart'),
	(600, 'Domhnall Gleeson'),
	(601, 'Bryce Dallas Howard'),
	(602, 'Hill Harper'),
	(603, 'Chad Randall'),
	(604, 'Allison Janney'),
	(605, 'Ben Hardy'),
	(606, 'Sarah Silverman'),
	(607, 'Gragam Linehan'),
	(608, 'Tessa Thompson'),
	(609, 'Jason Lee'),
	(610, 'Martin Freeman'),
	(611, 'Daniel Lapaine'),
	(612, 'Tasha de Vasconcelos'),
	(613, 'Alice Braga'),
	(614, 'Josh Gad'),
	(615, 'Pixie Daves'),
	(616, 'Wunmi Mosaku'),
	(617, 'Clive StandenNaoko Mori'),
	(618, 'Henry Cavill'),
	(619, 'Rooney Mara'),
	(620, 'Connie Nielsen'),
	(621, 'Jogn Goodman'),
	(622, 'Lilly Aspell'),
	(623, 'Craig T. Nelson'),
	(624, 'Brenda Song'),
	(625, 'Antonia Thomas'),
	(626, 'Lia Williams'),
	(627, 'Jennifer Bini Taylor'),
	(628, 'Guy Pearce'),
	(629, 'Dakota Johnson'),
	(630, 'Hari Dhillon'),
	(631, 'Jim Parsons'),
	(632, 'Alicia Vikander'),
	(633, 'Chelsea Moody'),
	(634, 'Robert Sheehan'),
	(635, 'Melanie Lynskey'),
	(636, 'Clea DuVall'),
	(637, 'Airyon Bakare'),
	(638, 'Scott Hunter'),
	(639, 'Jing Tian'),
	(640, 'Tom Goodman-Hill'),
	(641, 'Jimi Mistry'),
	(642, 'Alice Eve'),
	(643, 'Andy Umberger'),
	(644, 'Gillian Anderson'),
	(645, 'Maxine Peake'),
	(646, 'Charlize Theron'),
	(647, 'Anjelica Huston'),
	(648, 'Owen Wilson'),
	(649, 'Michael McManus'),
	(650, 'Suzzane Douglas'),
	(651, 'Grant Gustin'),
	(652, 'Christian Bale'),
	(653, 'Jack Dylan'),
	(654, 'Annaleigh Ashford'),
	(655, 'Kim Raver'),
	(656, 'Matt Smith'),
	(657, 'Carl Weathers'),
	(658, 'Mayim Bialik'),
	(659, 'Joey Slotnick'),
	(660, 'Ray Fisher'),
	(661, 'Sarah Snook'),
	(662, 'Kamontip Krissy Ashton'),
	(663, 'Isaiah Mustafa'),
	(664, 'Felicity Jones'),
	(665, 'Dominic Cooper'),
	(666, 'Brad Greenquist'),
	(667, 'Dylan O\'Brien'),
	(668, 'Madelaine Petsch'),
	(669, 'Katherine Parkinson'),
	(670, 'Nicole Beharie'),
	(671, 'Rafael Casal'),
	(672, 'Ezra Miller'),
	(673, 'Evan Peters'),
	(674, 'Clint Dyer'),
	(675, 'Rory Cochrane'),
	(676, 'Blaze Berdahl'),
	(677, 'Danielle Panabaker'),
	(678, 'Jared Harris'),
	(679, 'Claire Foy'),
	(680, 'Luca Calvani'),
	(681, 'Jon Bernthal'),
	(682, 'Amber Tamblyn'),
	(683, 'Peter Serafinowicz'),
	(684, 'Billy Griffin Jr.'),
	(685, 'Guy Williams'),
	(686, 'Russell Brand'),
	(687, 'Catherine Zeta-Jones'),
	(688, 'Kerri Green'),
	(689, 'Jennifer Aniston'),
	(690, 'Omar Sy'),
	(691, 'Dermot Mulroney'),
	(692, 'Babs Olusanmokun'),
	(693, 'Elizabeth Debicki'),
	(694, 'Rachel Weisz'),
	(695, 'Danny McBride'),
	(696, 'Tom Cruise'),
	(697, 'Joaquin Phoenix'),
	(698, 'Matthew Perry'),
	(699, 'Jon Cryer'),
	(700, 'Jenna Fischer'),
	(701, 'Pedro Pascal'),
	(702, 'Dalila Bela'),
	(703, 'David Thewils'),
	(704, 'Vanesa Kirby'),
	(705, 'Gary Sinise'),
	(706, 'Kitty Winn'),
	(707, 'Kadiff Kirwan'),
	(708, 'Thushari Jayasekera'),
	(709, 'Jurnee Smollett'),
	(710, 'Greg Wise'),
	(711, 'Sean Bean'),
	(712, 'Amy Adams'),
	(713, 'Jeremy Irons'),
	(714, 'Simon McBurney'),
	(715, 'James Martin Kelly'),
	(716, 'Dimitri Diatchenko'),
	(717, 'Oliver Robins'),
	(718, 'Danai Gurira'),
	(719, 'Geraldine Viswanathan'),
	(720, 'Tiya Sircar'),
	(721, 'Kerry Bishé'),
	(722, 'Charlie Tahan'),
	(723, 'Christina Chang'),
	(724, 'Hugh Grant'),
	(725, 'Jogn matuszak'),
	(726, 'Luke Hemsworth'),
	(727, 'Joe Keery'),
	(728, 'Ben Stiller'),
	(729, 'Eugene O\'Hare'),
	(730, 'Chris Miller'),
	(731, 'Mara Clark'),
	(732, 'Ahston Kutcher'),
	(733, 'Michaela Coel'),
	(734, 'Rebekah Staton'),
	(735, 'Seth Lee'),
	(736, 'Harrison Ford'),
	(737, 'Matt Berry'),
	(738, 'Talulah Riley'),
	(739, 'Mary Elizabeth Winstead'),
	(740, 'Phaldut Sharma'),
	(741, 'Charlie Cox'),
	(742, 'Billy Crudup'),
	(743, 'Peter Ferdinando'),
	(744, 'Andrew Garfield'),
	(745, 'Max vox Sydow'),
	(746, 'George Carlin'),
	(747, 'Joe Tippett'),
	(748, 'Rhashan Stone'),
	(749, 'Claire Fox'),
	(750, 'Kirsten Dunst'),
	(751, 'Michael Sheen'),
	(752, 'Idris Elba'),
	(753, 'John Douglas Thompson'),
	(754, 'Gal Gadot'),
	(755, 'Lydia Wilson'),
	(756, 'Lucy Boynton'),
	(757, 'Devin Ratray'),
	(758, 'Thomas M. Wright'),
	(759, 'Jessie Buckley'),
	(760, 'Andre Braugher'),
	(761, 'Sope Dirisu'),
	(762, 'Jean-Yves Berteloot'),
	(763, 'Angelo Josue Lozano Corzo'),
	(764, 'Helena Bonham Carter'),
	(765, 'Jeff Cohen'),
	(766, 'Emmy Raver-Lampman'),
	(767, 'Clifton Collins Jr.'),
	(768, 'Kate Mara'),
	(769, 'Patrick Fugit'),
	(770, 'Enrique Arce'),
	(771, 'Orto Ignatiussen'),
	(772, 'Andy García'),
	(773, 'Shane Hartline'),
	(774, 'Jürgen Prochnow'),
	(775, 'Lisa Kudrow'),
	(776, 'Cheech Marin'),
	(777, 'Mädchen Amick'),
	(778, 'Ingrid Bolsø Berdal'),
	(779, 'Sean Buxton'),
	(780, 'Eddie Redmayne'),
	(781, 'Rosamund Pike'),
	(782, 'Joe Pesci'),
	(783, 'Jeremy Renner'),
	(784, 'Pedro Alonso'),
	(785, 'Matthew Goode'),
	(786, 'Carrie-Anne Moss'),
	(787, 'Sylvester Groth'),
	(788, 'Javier Botet'),
	(789, 'Colin Morgan'),
	(790, 'Ruth Bradley'),
	(791, 'Emma Thompson'),
	(792, 'Benedict Wong'),
	(793, 'O.T. Fagbenle'),
	(794, 'Mary J. Blige'),
	(795, 'Claire Forlani'),
	(796, 'Naoko Mori'),
	(797, 'Susannah Doyle'),
	(798, 'Hugh Jackman'),
	(799, 'Millie Bobby Brown'),
	(800, 'Brett Cullen'),
	(801, 'Scarlett Johansson'),
	(802, 'Ricky Gervais'),
	(803, 'Ivanno Jeremiah'),
	(804, 'Kerrie Hayes'),
	(805, 'Rob Horrocks'),
	(806, 'Riley Griffiths'),
	(807, 'Cate Blanchett'),
	(808, 'Virginia Kiser'),
	(809, 'Tobit Raphael'),
	(810, 'Scott Eastwood'),
	(811, 'Kevin Hart'),
	(812, 'Alba Flores'),
	(813, 'Sam Riley'),
	(814, 'Dale Midkiff'),
	(815, 'Harrison Gilbertson'),
	(816, 'Christian Berkel'),
	(817, 'Jimmy Workman'),
	(818, 'Kate Winslet'),
	(819, 'Carlo Sabatini'),
	(820, 'Emut Elliott'),
	(821, 'Ray Abruzzo'),
	(822, 'Kristen Wiig'),
	(823, 'Vladimir Furdik'),
	(824, 'Ray Winstone'),
	(825, 'Corey Johnson'),
	(826, 'Rinko Kikuchi'),
	(827, 'Andrew Crawford'),
	(828, 'Lewis Macleod'),
	(829, 'Tuppence Middleton'),
	(830, 'James Cromwell'),
	(831, 'Chris Hemsworth'),
	(832, 'Jeff Daniels'),
	(833, 'Caleb McLaughlin'),
	(834, 'Janelle Monáe'),
	(835, 'Paul Popplewell'),
	(836, 'Louis Partridge'),
	(837, 'Simon Quarterman'),
	(838, 'Ben Barnes'),
	(839, 'Ryan Lee');

-- Volcando datos para la tabla trailerflix.categoria: ~2 rows (aproximadamente)
INSERT INTO `categoria` (`categoria_id`, `nombre`) VALUES
	(1, 'Película'),
	(2, 'Serie');

-- Volcando datos para la tabla trailerflix.contenido: ~97 rows (aproximadamente)
INSERT INTO `contenido` (`contenido_id`, `poster`, `titulo`, `categoria_id`, `genero_id`, `resumen`, `temporadas`, `duracion`, `trailer`, `rank_id`) VALUES
	(1, './posters/1.jpg', 'The Crow', 2, 8, 'Este drama narra las rivalidades políticas y el romance de la reina Isabel II, así como los sucesos que moldearon la segunda mitad del siglo XX.', '4', NULL, 'https://www.youtube.com/embed/JWtnJjn6ng0', 1),
	(2, './posters/2.jpg', 'Riverdale', 2, 5, 'El paso a la edad adulta incluye sexo, romance, escuela y familia. Para Archie y sus amigos, también hay misterios oscuros.', '5', NULL, 'https://www.youtube.com/embed/HxtLlByaYTc', 2),
	(3, './posters/3.jpg', 'The Mandaloria', 2, 3, 'Ambientada tras la caída del Imperio y antes de la aparición de la Primera Orden, la Serie sigue los pasos de un pistolero solitario en las aventuras que protagoniza en los confines de la galaxia, donde no alcanza la autoridad de la Nueva República.', '2', NULL, 'https://www.youtube.com/embed/aOC8E8z_ifw', NULL),
	(4, './posters/4.jpg', 'The Umbrella Academy', 2, 3, 'La muerte de su padre reúne a unos hermanos distanciados y con extraordinarios poderes que descubren impactantes secretos y una amenaza que se cierne sobre la humanidad.', '1', NULL, 'https://www.youtube.com/embed/KHucKOK-Vik', NULL),
	(5, './posters/5.jpg', 'Gambito de Dama', 2, 5, 'En los cincuenta, una joven de un orfanato descubre que tiene un increíble don para el ajedrez y recorre el arduo camino a la fama mientras lucha contra las adicciones.', '1', NULL, 'https://www.youtube.com/embed/lbleRbyGKL4', NULL),
	(6, './posters/6.jpg', 'Enola Holmes', 1, 5, 'La hermana menor de Sherlock, descubre que su madre ha desaparecido y se dispone a encontrarla. En su búsqueda, saca a relucir el sabueso que corre por sus venas y se encuentra con una conspiración que gira en torno a un misterioso lord, demostrando que su ilustre hermano no es el único talento en la familia.', 'N/A', '97 minutos', 'https://www.youtube.com/embed/3t1g2pa355k', NULL),
	(7, './posters/7.jpg', 'Guasó', 1, 9, 'Arthur Fleck (Phoenix), es un hombre ignorado por la sociedad, cuya motivación en la vida es hacer reír. Pero una Serie de trágicos acontecimientos le llevarán a ver el mundo de otra forma. Película basada en el popular personaje de DC Comics Joker, conocido como archivillano de Batman, pero que en este film tomará un cariz más realista y oscuro.', 'N/A', '97 minutos', 'https://www.youtube.com/embed/zAGVQLHvwOY', NULL),
	(8, './posters/8.jpg', 'Avengers: End Game', 1, 3, 'Después de los devastadores eventos de los Vengadores: Infinity War (2018),, el universo está en ruinas. Con la ayuda de los aliados restantes, los Vengadores se reúnen una vez más para revertir las acciones de Thanos y restaurar el equilibrio del universo.', 'N/A', '97 minutos', 'https://www.youtube.com/embed/TcMBFSGVi1c', NULL),
	(9, './posters/9.jpg', 'Juego de tronos', 2, 7, 'En un mundo fantástico y en un contexto medieval varias familias, relativas a la nobleza, se disputan el poder para dominar el territorio ficticio de Poniente (Westeros), y tomar el control de los Siete Reinos desde el Trono de Hierro, lugar donde el rey ejerce el poder.', '8', NULL, 'https://www.youtube.com/embed/KPLWWIOCOOQ', NULL),
	(10, './posters/10.jpg', 'The Flash', 2, 3, 'Sigue las veloces aventuras de Barry Allen, un joven común y corriente con el deseo latente de ayudar a los demás. Cuando una inesperada partícula aceleradora golpea por accidente a Barry, de pronto se encuentra cargado de un increíble poder para moverse a increíbles velocidades. Mientras Barry siempre ha tenido el alma de un héroe, sus nuevos poderes le han dado la capacidad de actuar como tal.', '6', NULL, 'https://www.youtube.com/embed/Yj0l7iGKh8g', NULL),
	(11, './posters/11.jpg', 'The Big Bang Theory', 2, 4, 'Leonard y Sheldon son dos físicos que comparten trabajo y apartamento. La Serie comienza con la mudanza de Penny, su nueva y atractiva vecina, y hace hincapié en la dificultad de los físicos para relacionarse con personas fuera de su entorno para dar lugar a situaciones cómicas.', '12', NULL, 'https://www.youtube.com/embed/WBb3fojgW0Q', NULL),
	(12, './posters/12.jpg', 'Friends', 2, 4, '\'Friends\' narra las aventuras y desventuras de seis jóvenes de Nueva York: Rachel, Monica, Phoebe, Ross, Chandler y Joey. Ellos forman una unida pandilla de amigos que viven en Manhattan y que suelen reunirse en sus apartamentos o en su bar habitual cafetería, el Central Perk. A pesar de los numerosos cambios que se producen en sus vidas, su amistad es inquebrantable en la dura batalla por salir adelante en sus periplos profesionales y personales.', '10', NULL, 'https://www.youtube.com/embed/ekYGfU0XIx0', NULL),
	(13, './posters/13.jpg', 'Anne with an \'E\'', 2, 6, 'Anne Shirley es una niña huérfana que vive en un pequeño pueblo llamado Avonlea que pertenece a la Isla del Príncipe Eduardo, en el año 1890. Después de una infancia difícil, donde fue pasando de orfanato a hogares de acogida, es enviada por error a vivir con una solterona y su hermano. Cuando cumple 13 años, Anne va a conseguir transformar su vida y el pequeño pueblo donde vive gracias a su fuerte personalidad, intelecto e imaginación. Basada en la inolvidable novela.', '2', NULL, 'https://www.youtube.com/embed/M4T-_aB8smU', NULL),
	(14, './posters/14.jpg', 'Expedientes Secretos \'X\'', 2, 3, 'Fox Mulder y Dana Scully son dos investigadores del FBI que investigan casos sin resolución ni explicación, ya sea por razones paranormales (espíritus, criaturas extrañas, aliens...), ya porque el gobierno se ha encargado de ocultar todo tipo de pruebas. Cuando Mulder tenía doce años, su hermana pequeña fue secuestrada por unos desconocidos, aunque él cree que, en realidad, fue abducida por extraterrestres. Tras acabar sus estudios en la universidad de Oxford, ingresó en la Academia de Quantico, donde se ganó el apodo de \'siniestro\'', '11', NULL, 'https://www.youtube.com/embed/KKziOmsJxzE', NULL),
	(15, './posters/15.jpg', 'Chernobyl', 2, 8, 'Sigue «la verdadera historia de una de las peores catástrofes provocadas por el hombre y habla de los valientes hombres y mujeres que se sacrificaron para salvar a Europa de un desastre inimaginable. La miniSerie se centra en el desgarrador alcance del desastre de la planta nuclear que ocurrió en Ucrania en abril de 1986, revelando cómo y por qué ocurrió, además contando las sorprendentes y notables historias de los héroes que lucharon y cayeron.', '1', NULL, 'https://www.youtube.com/embed/s9APLXM9Ei8', NULL),
	(16, './posters/16.jpg', 'Westworld', 2, 3, '\'Westworld\' es una oscura odisea acerca del amanecer de la conciencia artificial y la evolución del pecado. Situada en la intersección del futuro cercano y el pasado reimaginado, explora un mundo donde cada apetito humano, sin importar cuán noble o depravado, puede ser saciado. Está ambientada en un parque temático futurista dirigido por el Dr. Robert Ford (Anthony Hopkins),. Las instalaciones cuentan con androides caracterizados del western americano, y gracias a ellos los visitantes pueden introducirse en cualquier tipo de fantasía por muy oscura que sea.', '3', NULL, 'https://www.youtube.com/embed/qLFBcdd6Qw0', NULL),
	(17, './posters/17.jpg', 'Halt and Catch Fire', 2, 5, NULL, '4', NULL, 'https://www.youtube.com/embed/pWrioRji60A', NULL),
	(18, './posters/18.jpg', 'Ava', 1, 1, 'Ava es una mortífera asesina a sueldo que trabaja para una organización de operaciones encubiertas, que viaja por todo el mundo acabando con aquellos objetivos que nadie más puede derribar. Cuando uno de sus encargos sale mal, Ava tendrá que luchar por una vida.', 'N/A', '97 minutos', 'https://www.youtube.com/embed/eLEwNo78f0k', NULL),
	(19, './posters/19.jpg', 'Aves de presa y la fantabulosa emancipación de una Harley Quin', 1, 3, 'Después de separarse de Joker, Harley Quinn y otras tres heroínas (Canario Negro, Cazadora y Renée Montoya), unen sus fuerzas para salvar a una niña (Cassandra Cain), del malvado rey del crimen Máscara Negra.', 'N/A', '97 minutos', 'https://www.youtube.com/embed/saUmnenKbBM', NULL),
	(20, './posters/20.jpg', 'Archivo', 1, 3, '2038: George Almore está trabajando en una verdadera IA equivalente a la humana. Su último prototipo está casi listo. Esta fase sensible también es la más arriesgada. Especialmente porque tiene un objetivo que debe ocultarse a toda costa: reunirse con su esposa muerta.', 'N/A', '97 minutos', 'https://www.youtube.com/embed/VHSoCnDioAo', NULL),
	(21, './posters/21.jpg', 'Jumanji - The next level', 1, 7, 'Las aventuras continúan en el fantástico mundo del video juego Jumanji, donde nada es lo que parece. En esta ocasión, los jugadores vuelven al juego, pero sus personajes se han intercambiado entre sí, lo que ofrece un curioso plantel: los mismos héroes con distinta apariencia y habilidades. Pero, ¿dónde está el resto de la gente?', 'N/A', '97 minutos', 'https://www.youtube.com/embed/rBxcF-r9Ibs', NULL),
	(22, './posters/22.jpg', '3022', 1, 9, 'La película está ambientada en una estación espacial en el futuro. La tripulación sufre un estrés traumático y considera abandonar su misión después de observar lo que creen que es la destrucción de la Tierra. La película se muestra como una Serie de flashbacks y flash-forward.', 'N/A', '97 minutos', 'https://www.youtube.com/embed/AGQ7OkmIx4Q', NULL),
	(23, './posters/23.jpg', 'IT - Capítulo 2', 1, 10, 'En este segundo capitulo Han pasado 27 años desde que el \'Club de los Perdedores\', formado por Bill, Berverly, Richie, Ben, Eddie, Mike y Stanley, se enfrentaran al macabro y despiadado Pennywise (Bill Skarsgård),. En cuanto tuvieron oportunidad, abandonaron el pueblo de Derry, en el estado de Maine, que tantos problemas les había ocasionado. Sin embargo, ahora, siendo adultos, parece que no pueden escapar de su pasado. Todos deberán enfrentarse de nuevo al temible payaso para descubrir si de verdad están preparados para superar sus traumas de la infancia.', 'N/A', '97 minutos', 'https://www.youtube.com/embed/hZeFeYSmBcg', NULL),
	(24, './posters/24.jpg', 'Pantera Negra', 1, 3, 'T’Challa (Chadwick Boseman), regresa a su hogar en la apartada nación africana de Wakanda para servir como líder de su país. Tras suceder a su padre en el trono, pasa a convertirse en Pantera Negra, una sigilosa criatura de la noche, con agudos sentidos felinos y otras habilidades como súper fuerza e inteligencia, agilidad, estrategia o maestro del combate sin armas. Es bajo el liderazgo de T’Challa como Wakanda consigue convertirse en una de las naciones más ricas y tecnológicamente avanzadas del planeta.', 'N/A', '97 minutos', 'https://www.youtube.com/embed/BE6inv8Xh4A', NULL),
	(25, './posters/25.jpg', 'Contra lo imposible (Ford versus Ferrari),', 1, 8, 'Los ganadores del Premio de la Academia® Matt Damon y Christian Bale protagonizan CONTRA LO IMPOSIBLE, basada en la historia real del visionario diseñador americano de automóviles Carroll Shelby (Damon), y el intrépido piloto británico Ken Miles (Bale),. Juntos construyen un nuevo coche de carreras para Ford Motor Company y así enfrentar a Enzo Ferrari en las 24 Horas de Le Mans en Francia en 1966.', 'N/A', '97 minutos', 'https://www.youtube.com/embed/SOVb0-2g1Q0', NULL),
	(26, './posters/26.jpg', 'Centígrados', 1, 9, 'Una joven pareja estadounidense viaja a las montañas árticas de Noruega. Después de detenerse durante una tormenta de nieve, se despiertan atrapados en su SUV, enterrados bajo capas de nieve y hielo.', 'N/A', '97 minutos', 'https://www.youtube.com/embed/0RvV7TNUlkQ', NULL),
	(27, './posters/27.jpg', 'DOOM: Aniquilació', 1, 10, 'Doom: Aniquilación sigue a un grupo de marines espaciales que han respondido a una llamada de alerta de una base en la luna marciana, solo para descubrir que ha sido tomada por criaturas demoníacas que amenazan con desatar el infierno en la tierra.', 'N/A', '97 minutos', 'https://www.youtube.com/embed/nat3u3gAVLE', NULL),
	(28, './posters/28.jpg', 'Contagio', 1, 5, 'De repente, sin saber cuál es su origen, aunque todo hace sospechar que comienza con el viaje de una norteamericana a un casino de Hong Kong, un virus mortal comienza a propagarse por todo el mundo. En pocos días, la enfermedad empieza a diezmar a la población. El contagio se produce por mero contacto entre los seres humanos. Un thriller realista y sin efectos especiales sobre los efectos de una epidemia.', 'N/A', '97 minutos', 'https://www.youtube.com/embed/4sYSyuuLk5g', NULL),
	(29, './posters/29.jpg', 'Viuda Negra', 1, 1, 'Primera pelicula individual de la Viuda Negra en el universo cinematografico de Marvel, contando su historia desde que se inició como doble agente rusa, su niñez, sus misiones, y su actualidad, después de Avengers.', 'N/A', '97 minutos', 'https://www.youtube.com/embed/BIn8iANwEog', NULL),
	(30, './posters/30.jpg', 'The Martia', 1, 3, 'Durante una misión a Marte de la nave tripulada Ares III, una fuerte tormenta se desata dando por desaparecido y muerto al astronauta Mark Watney (Matt Damon),, sus compañeros toman la decisión de irse pero él ha sobrevivido. Está solo y sin apenas recursos en el planeta. Con muy pocos medios deberá recurrir a sus conocimientos, su sentido del humor y un gran instinto de supervivencia para lograr sobrevivir y comunicar a la Tierra que todavía está vivo esperando que acudan en su rescate.', 'N/A', '97 minutos', 'https://www.youtube.com/embed/XvB58bCVfng', NULL),
	(31, './posters/31.jpg', 'Ex-Machina', 1, 3, 'Un programador multimillonario selecciona a Caleb, un joven empleado de su empresa, para que pase una semana en un lugar remoto con el objetivo de que participe en un test en el que estará involucrada su última creación: un robot-mujer en el que inteligencia artificial lo es todo.', 'N/A', '97 minutos', 'https://www.youtube.com/embed/XRYL5spvEcI', NULL),
	(32, './posters/32.jpg', 'Jurassic World', 1, 2, 'Veintidós años después de lo ocurrido en Jurassic Park, la isla Nublar ha sido transformada en un enorme parque temático, Jurassic Wold, con versiones «domesticadas» de algunos de los dinosaurios más conocidos. Cuando todo parece ir sobre ruedas y ser el negocio del siglo, un nuevo dinosaurio de especie desconocida, pues ha sido creado manipulando genéticamente su ADN, y que resulta ser mucho más inteligente de lo que se pensaba, se escapa de su recinto y comienza a causar estragos entre los visitantes del Parque.', 'N/A', '97 minutos', 'https://www.youtube.com/embed/RFinNxS5KN4', NULL),
	(33, './posters/33.jpg', 'Soy leyenda', 1, 10, 'Años después de que una plaga mate a la mayoría de la humanidad y transforme al resto en monstruos, el único superviviente en la ciudad de Nueva York lucha valientemente para encontrar una cura.', 'N/A', '97 minutos', 'https://www.youtube.com/embed/dtKMEAXyPkg', NULL),
	(34, './posters/34.jpg', 'El primer hombre en la luna', 1, 8, 'Cuenta la historia de la misión de la NASA que llevó al primer hombre a la luna, centrada en Neil Armstrong (interpretado por Ryan Gosling), y el periodo comprendido entre los años 1961 y 1969. Un relato en primera persona, basado en la novela de James R. Hansen, que explora el sacrificio y el precio que representó, tanto para Armstrong como para Estados Unidos, una de las misiones más peligrosas de la historia.', 'N/A', '97 minutos', 'https://www.youtube.com/embed/PSoRx87OO6k', NULL),
	(35, './posters/35.jpg', 'Titanes del pacífico - La insurrecció', 1, 3, 'Han pasado 10 años tras la primera invasión que sufrió la humanidad, pero la lucha aún no ha terminado. El planeta vuelve a ser asediado por los Kaiju, una raza de alienígenas colosales, que emergen desde un portal interdimensional con el objetivo de destruir a la raza humana. Ante esta nueva amenaza, los Jaegers, robots gigantes de guerra pilotados por dos personas para sobrellevar la inmensa carga neuronal que conlleva manipularlos, ya no están a la altura de lo que se les viene encima. Será entonces cuando los supervivientes de la primera invasión, además de nuevos personajes como el hijo de Pentecost, tendrán que idear la manera de sorprender al enorme enemigo, apostando por nuevas estrategias defensivas y de ataque. Con la Tierra en ruinas e intentando reconstruirse, esta nueva batalla puede ser decisiva para el futuro.', 'N/A', '97 minutos', 'https://www.youtube.com/embed/_EhiLLOhVis', NULL),
	(36, './posters/36.jpg', 'JOBS: La Vida De Steve Jobs', 1, 8, 'Sólo hace falta una persona para empezar una revolución. Jobs es la extraordinaria historia de Steve Jobs, el original innovador y emprendedor que no dejó que nada se interpusiera en su camino hacia la grandeza. La película cuenta la épica y turbulenta historia de Jobs mientras abría un camino que cambió la tecnología - y el mundo - para siempre. Su vida es repasada desde que era adolescente, intentando estudiar en la universidad, hasta el año 2001, cuando el iPod fue presentado al mundo y comenzó a \'allanar\' el camino para lo que años después, sería el iPhone.', 'N/A', '104 minutos', 'https://www.youtube.com/embed/FrvkCS0ZGPU', NULL),
	(37, './posters/37.jpg', 'Piratas de Silicon Valey', 1, 8, 'Esta película es el documental semigracioso sobre los hombres que hicieron el mundo de la tecnología lo que es hoy, sus luchas durante el colegio, la fundación de sus compañías y las acciones ingeniosas que tomaron para aumentar los Imperios corporativos globales de Apple Computer Inc. y Microsoft Corporation.', 'N/A', '104 minutos', 'https://www.youtube.com/embed/lEyrivrjAuU', NULL),
	(38, './posters/38.jpg', 'Red Social', 1, 8, 'En una noche de otoño de 2003, el genio de la programación de computación de la Universidad de Harvard Mark Zuckerberg se sienta en su computadora y acaloradamente comienza a trabajar en una nueva idea. En una furia de los blogs y la programación, lo que comienza en su dormitorio como un pequeño sitio entre amigos pronto se convierte en una red social global y una revolución en la comunicación. A sólo seis años y 500 millones de amigos más tarde, Mark Zuckerberg es el multimillonario más joven de la historia ... pero para este empresario, el éxito conduce a complicaciones tanto personales como legales.', 'N/A', '116 minutos', 'https://www.youtube.com/embed/lB95KLmpLR4', NULL),
	(39, './posters/39.jpg', 'Antitrust', 1, 1, 'Milo Hoffman es un joven informático increíblemente prometedor para su edad que rápidamente es contratado por una importante empresa de Sillicon Valley. El empleo de sus sueños se ha hecho realidad, ya que ahí puede trabajar con los ordenadores más potentes del mundo y con las últimas tecnologías que aún no han salido al mercado. El Paraíso de un informático. Su jefe, Gary Winston , es un poderoso pez gordo de la industria que en un principio parece un tipo íntegro y legal. Pero pronto descubrirá que fisgar en sus archivos secretos no es la mejor idea si uno quiere conservar su trabajo... y su vida.', 'N/A', '110 minutos', 'https://www.youtube.com/embed/k3TwIJjyjPM', NULL),
	(40, './posters/40.jpg', 'Stowaway', 1, 3, 'Una misión al planeta Marte. Dos años de duración. De repente, los tres tripulantes afectados a esta labor deben tomar una decisión imposible cuando un pasajero imprevisto compromete la vida de todos a bordo. No hay vuelta atrás. La decisión deberá tomarse contemplando la vida de los, ahora, cuatro pasajeros aún cuando la supervivecnaia tenga que acarrear algún sacrificio.', 'N/A', '118 minutos', 'https://www.youtube.com/embed/A_apvQkWsVY', NULL),
	(41, './posters/41.jpg', 'Liga de la Justicia - Zack Snyder', 1, 1, 'Decidido a asegurarse de que el sacrificio final de Superman no fue en vano, Bruce Wayne alinea fuerzas con Diana Prince con planes para reclutar un equipo de metahumanos para proteger al mundo de una amenaza de proporciones catastróficas que se aproxima. En esta fascinante entrega, no apta para niños, verás cómo se conforma la Liga de la Justicia, uniendo a los principales superhéroes conocidos como Metahumanos.', 'N/A', '242 minutos', 'https://www.youtube.com/embed/BUb_-RxsoBs', NULL),
	(42, './posters/42.jpg', 'Two and a half me', 2, 4, 'Un quiropráctico y padre soltero, Alan Harper, vive en una casa al frente de la playa con su hijo mediocre, Jake, y un billonario de la Internet divorciado Walden Schmidt, que se muda con la familia de los Harper y ofrece comprar la casa luego de la muerte inesperada del hermano de Alan, Charlie, que era el propietario de la casa en la que vivía con Alan y Jake, luego de que padre e hijo se mudaran después del divorcio de Alan. La exesposa de Alan y madre de Jake, Judith, permanece en sus vidas.', '12', 'N/A', 'https://www.youtube.com/embed/mVHDanSl2pc', NULL),
	(43, './posters/43.jpg', 'La casa de Papel', 2, 1, 'Ocho ladrones toman rehenes en la Fábrica Nacional de Moneda y Timbre de España, mientras el líder de la banda manipula a la policía para cumplir con su plan.', '4', 'N/A', 'https://www.youtube.com/embed/w1jkStuRQU8', NULL),
	(44, './posters/44.jpg', 'Stranger Things', 2, 9, 'Pasan cosas muy extrañas en Hawkins, Indiana, tras una desaparición que revela la presencia de una niña con poderes sobrenaturales. Después de la extraña desaparición de un niño, un pueblo se encuentra ante un misterio que revela experimentos secretos, fuerzas sobrenaturales.', '4', 'N/A', 'https://www.youtube.com/embed/b9EkMc79ZSU', NULL),
	(45, './posters/45.jpg', 'Gravity', 1, 9, 'Durante un paseo espacial rutinario, dos astronautas sufren un grave accidente y quedan flotando en el espacio. Una es la doctora Ryan Stone, una brillante ingeniera en su primera misión espacial en la Shuttle. Su acompañante es el veterano astronauta Matt Kowalsky. Durante el paseo algo sale mal y ocurre el desastre: el shuttle queda destrozado, dejando a Ryan y Matt completamente solos, momento a partir del cual intentarán por todos los medios volver a la Tierra.', NULL, '93 minutos', 'https://www.youtube.com/embed/OiTiKOy59o4', NULL),
	(46, './posters/46.jpg', 'Apollo 13', 1, 8, 'El Apolo 13 inicia su viaje a la luna en abril de 1970. Cuando la tripulación está a punto de llegar a su destino, una explosión en el espacio les hace perder oxígeno, energía y el curso de la nave... Todo se convierte en una situación desesperada para los tres hombres tripulantes, especialmente cuando el oxígeno amenaza con agotarse. Mientras, el mundo entero, que apenas un año antes conoció la gloria de la aventura espacial cuando el hombre pisó la luna, contiene la respiración a la espera de ver cómo acaba tan angustiosa espera.', NULL, '140 minutos', 'https://www.youtube.com/embed/e3ZtOS4MCkk', NULL),
	(47, './posters/47.jpg', 'La profecía', 1, 10, 'Incapaz de decirle a su mujer Katherine la trágica muerte de su hijo recién nacido, el diplomático americano Robert Thorn acepta un huérfano como su hijo. Los detalles del nacimiento del chico son un secreto, pero cuando Damien va creciendo, empieza a dar muestras de que no es un chico corriente.', NULL, '110 minutos', 'https://www.youtube.com/embed/8L-1Qk_MQQs', NULL),
	(48, './posters/48.jpg', 'El exorcista', 1, 10, 'Regan es una niña de doce años víctima de fenómenos paranormales como la levitación o la manifestación de una fuerza sobrehumana. Su madre, aterrorizada, tras someter a su hija a múltiples análisis médicos que no ofrecen ningún resultado, acude a un sacerdote con estudios de psiquiatría. Éste está convencido de que el mal no es físico sino espiritual, es decir, que la niña es víctima de una posesión diabólica. Por eso, con la ayuda de otro sacerdote decide practicar un exorcismo.', NULL, '122 minutos', 'https://www.youtube.com/embed/YDGw1MTEe9k', NULL),
	(49, './posters/49.jpg', 'It (eso),', 1, 10, 'Remake del clásico de Stephen King, y de la película homónima de 1990, en el que un payaso aterroriza a los niños de un vecindario. En un pequeño pueblo de Maine, siete niños conocidos como el Club de los Perdedores se encuentran cara a cara con problemas de la vida, matones y un monstruo que toma la forma de un payaso llamado Pennywise..', NULL, '135 minutos', 'https://www.youtube.com/embed/FnCdOQsX5kc', NULL),
	(50, './posters/50.jpg', 'The Office', 2, 4, 'Steve Carell protagoniza The Office, un fresco y divertido vistazo, con formato pseudo-documental, al día a día en la vida de unos excéntricos trabajadores de la empresa Dunder Mifflin. El serio pero despistadísimo director Michael Scott se considera un magnífico jefe y mentor, pero realmente inspira más críticas que respeto a sus empleados.', '9', 'N/A', 'https://www.youtube.com/embed/LHOtME2DL4g', NULL),
	(51, './posters/51.jpg', 'The Good Doctor', 2, 6, 'Un cirujano joven y autista que padece el síndrome del sabio empieza a trabajar en un hospital prestigioso. Allá tendrá que vencer el escepticismo con el que sus colegas lo reciben.', '4', 'N/A', 'https://www.youtube.com/embed/fYlZDTru55g', NULL),
	(52, './posters/52.jpg', 'La teoría del todo', 1, 8, 'La película gira en torno a la vida de Stephen Hawking, el importante teórico y divulgador científico que cambió la historia de la ciencia y la tecnología moderna para siempre. La película se centrará en la relación que mantuvo el británico con Jane Wilde, su primera mujer, con quien contrajo matrimonio después de que le diagnosticaran una enfermedad por la que no le quedaban más de dos años de vida. Estupenda adaptación con un Eddie Redmayne que cada día nos sorprende más.', 'N/A', '123 minutos', 'https://www.youtube.com/embed/Salz7uGp72c', NULL),
	(53, './posters/53.jpg', 'Código enigma', 1, 8, 'Durante el invierno de 1952, las autoridades británicas entraron en el hogar del matemático, analista y héroe de guerra Alan Turing, con la intención de investigar la denuncia de un robo. Al final acabaron arrestando a Turing acusándole de indecencia grave, un cargo que le supondría una devastadora condena por una ofensa criminal: ser homosexual. Los oficiales no tenían ni idea de que en realidad estaban incriminando al pionero de la informática actual. Liderando a un heterogéneo grupo de académicos, lingüistas, campeones de ajedrez y oficiales de inteligencia, se le conoce por haber descifrado el código de la inquebrantable máquina Enigma de los alemanes durante la Segunda Guerra Mundial.', 'N/A', '115 minutos', 'https://www.youtube.com/embed/nuPZUUED5uk', NULL),
	(54, './posters/54.jpg', 'Talentos ocultos', 1, 8, 'Narra la historia nunca contada de tres brillantes mujeres científicas afroamericanas que trabajaron en la NASA a comienzos de los años sesenta (en plena carrera espacial, y asimismo en mitad de la lucha por los derechos civiles de los negros estadounidenses), en el ambicioso proyecto de poner en órbita al astronauta John Glenn.', 'N/A', '127 minutos', 'https://www.youtube.com/embed/RK8xHq6dfAo', NULL),
	(55, './posters/55.jpg', 'Una mente brillante', 1, 8, 'Obsesionado con la búsqueda de una idea matemática original, el brillante estudiante John Forbes Nash llega a Princeton para realizar sus estudios de postgrado. Es un muchacho extraño y solitario, al que sólo comprende su compañero de cuarto. Por fin, Nash esboza una revolucionaria teoría y consigue una plaza de profesor en el MIT. Alicia Lardé, una de sus alumnas, lo deja fascinado al mostrarle que las leyes del amor están por encima de las de las matemáticas. Gracias a su prodigiosa habilidad para descifrar códigos es reclutado por Parcher William, del departamento de Defensa, para ayudar a los Estados Unidos en la Guerra Fría contra la Unión Soviética.', 'N/A', '134 minutos', 'https://www.youtube.com/embed/jT51irTIrAc', NULL),
	(56, './posters/56.jpg', 'Passengers', 1, 3, 'Una nave espacial, que viaja a un planeta lejano transportando a miles de personas, tiene una avería en una de las cápsulas de hibernación tras el impacto con un gran meteorito. Como resultado, un pasajero se despierta noventa años antes del final del viaje.', 'N/A', '116 minutos', 'https://www.youtube.com/embed/7BWWWQzTpNU', NULL),
	(57, './posters/57.jpg', 'Passengers', 1, 9, 'Un avión se estrella y tan sólo sobreviven cinco personas. Asignada al caso por su mentor, la joven terapeuta Claire, una brillante psicóloga, deberá ayudar a los supervivientes a superar el trauma. Pero, poco a poco, éstos empiezan a desaparecer misteriosamente... o a no aparecer en la sesiones. Nada está claro, ni siquiera qué pasó en el accidente. Además, entre los supervivientes está Eric, un atractivo pasajero que parece no necesitar terapia. (la línea entre este mundo y el próximo, está a pundo de ser cruzada),', 'N/A', '93 minutos', 'https://www.youtube.com/embed/iMW4RpQmJJQ', NULL),
	(58, './posters/58.jpg', 'Argo', 1, 8, 'Irán, año 1979. Cuando la embajada de los Estados Unidos en Teherán es ocupada por seguidores del Ayatolá Jomeini para pedir la extradición del Sha de Persia, la CIA y el gobierno canadiense organizaron una operación para rescatar a seis diplomáticos estadounidenses que se habían refugiado en la casa del embajador de Canadá. Con este fin se recurrió a un experto en rescatar rehenes y se preparó el escenario para el rodaje de una película de ciencia-ficción, de título \'Argo\', en la que participaba un equipo de cazatalentos de Hollywood. La misión: ir a Teherán y hacer pasar a los diplomáticos por un equipo de filmación canadiense para traerlos de vuelta a casa.', 'N/A', '120 minutos', 'https://www.youtube.com/embed/JW3WfSFgrVY', NULL),
	(59, './posters/59.jpg', 'Prometheus', 1, 3, 'Un grupo de científicos y exploradores emprende un viaje espacial a un remoto planeta, una rara estrella recién descubierta, donde sus límites físicos y mentales serán puestos a prueba. El motivo de la misión es que los humanos creen que allá podrán encontrar la respuesta a las preguntas más profundas y al mayor de los misterios: el origen de la vida en la Tierra.', 'N/A', '120 minutos', 'https://www.youtube.com/embed/34cEo0VhfGE', NULL),
	(60, './posters/60.jpg', 'Alien: Covenant', 1, 3, 'Rumbo a un remoto planeta al otro lado de la galaxia, la tripulación de la nave colonial Covenant descubre lo que creen que es un paraíso inexplorado, pero resulta tratarse de un mundo oscuro y hostil cuyo único habitante es un \'sintético\' llamado David (Michael Fassbender),, superviviente de la malograda expedición Prometheus. Secuela de \'Prometheus\' (2012),, a su vez precuela de \'Alien, el octavo pasajero\' (1979),.', 'N/A', '122 minutos', 'https://www.youtube.com/embed/svnAD0TApb8', NULL),
	(61, './posters/61.jpg', 'Life: Vida inteligente', 1, 9, 'Seis miembros de la tripulación de la Estación Espacial Internacional que están a punto de lograr uno de los descubrimientos más importantes en la historia humana: la primera evidencia de vida extraterrestre en Marte. A medida que el equipo comienza a investigar y sus métodos tienen consecuencias inesperadas, la forma viviente demostrará ser más inteligente de lo que cualquiera esperaba.', 'N/A', '106 minutos', 'https://www.youtube.com/embed/viX9irZw9Cg', NULL),
	(62, './posters/62.jpg', 'Madame Curie', 1, 8, 'Basada en el libro \'A tale of love and fallout\' de Lauren Redniss, Radioactive es la historia biográfica sobre la científica polaca Marie Curie, la primera persona en recibir dos premios Nobel en distintas especialidades —Física y Química—, y la primera mujer en ocupar el puesto de profesora en la Universidad de París. Dirigida por Marjane Satrapi y protagonizada por Rosamund Pike como Marie Curie, está basada en la novela gráfica de Lauren Redniss.', 'N/A', '115 minutos', 'https://www.youtube.com/embed/w0jqppl-ybY', NULL),
	(63, './posters/63.jpg', 'The IT Crowd', 2, 4, 'En un desordenado sótano en las entrañas de Industrias Reynholm habitan Roy y Moss, los componentes del Departamento de informática. Víctimas del desprecio y del escarnio de sus compañeros más guays, su mundo de servidores y cortafuegos se ve interrumpido por la llegada de Jen, su nueva jefa, que sabe tanto de ordenadores como un yak.', '4', 'N/A', 'https://www.youtube.com/embed/wCa1jfo93jQ', NULL),
	(64, './posters/64.jpg', 'Humans', 2, 3, 'En un presente paralelo donde el último gadget que hay que tener para cualquier familia ocupada es un \'Synth\' - un sirviente robótico altamente desarrollado que es tan similar a un humano real que está transformando la manera en que vivimos.', '3', 'N/A', 'https://www.youtube.com/embed/BV8qFeZxZPE', NULL),
	(65, './posters/65.jpg', 'Need for Speed', 1, 1, 'El más famoso de los videojuegos de carreras llega a la gran pantalla para dejar a los más fanáticos boquiabiertos. Need for Speed cuenta la historia de un experto en automovilismo (Aaron Paul),, el cual tiene un garage en dónde transforma coches para hacerlos más rápidos de lo que son para poder competir en carreras ilegales. Entró en la cárcel por un delito que no había cometido, justo cuando su mejor amigo muere en una carrera, y ahora sale de allí para vengarse.', 'N/A', '130 minutos', 'https://www.youtube.com/embed/u3wtVI-aJuw', NULL),
	(66, './posters/66.jpg', 'Mare of Easttow', 2, 5, 'Mare of Easttown es una miniserie estadounidense de drama y misterio creada por Brad Ingelsby cuenta la historia de Mare Sheehan, una detective de un pequeño pueblo de Pensilvania que investiga un asesinato local mientras trata de evitar que su vida se desmorone a raiz de la muerte de su hijo, su separación, y la posible restitución de su nieto a su madre biológica.', '1', 'N/A', 'https://www.youtube.com/embed/miQqyfO66uw', NULL),
	(67, './posters/67.jpg', 'Ray', 1, 8, 'La vida de Ray Charles es una alternancia de triunfos y fracasos personales que se suceden a lo largo de una dilatada y galardonada carrera en el mundo del espectáculo. Pero estamos hablando de un hombre que sintetizó sus luchas, su dolor y su oscuridad personal con la misma efectividad con la que supo fundir en su arte una miríada de estilos musicales: el jazz, el rhythm & blues, el rock & roll, el gospel y el country. Su historia tiene entonces un sentido muy distinto: la cadena de logros se transforma en el vibrante y conmovedor trayecto de un genio único con una visión propia que enseñó al mundo a escuchar música de una forma nueva. RAY es la biografía, nunca contada antes, de esa leyenda de la música americana que es Ray Charles. Se centra en el período más explosivo de la carrera de Charles, que comienza cuando este joven negro ciego se sube solo a un autobús en Florida y cruza el país para refinar su arte en la floreciente escena jazzística de Seattle.', 'N/A', '152 minutos', 'https://www.youtube.com/embed/jVHCQfcugdw', NULL),
	(68, './posters/68.jpg', 'Black Mirror', 2, 3, 'Black Mirror es una serie de televisión británica creada por Charlie Brooker que muestra el lado oscuro de la vida y la tecnología. La serie es producida por Zeppotron para Endemol. En cuanto al contenido del programa y la estructura, Brooker ha señalado que \'cada episodio tiene un tono diferente, un entorno diferente, incluso una realidad diferente, pero todos son acerca de la forma en que vivimos ahora - y la forma en que podríamos estar viviendo en 10 minutos si somos torpes\'.', '5', 'N/A', 'https://www.youtube.com/embed/jVHCQfcugdw', NULL),
	(69, './posters/69.jpg', 'Detrás de sus ojos', 2, 5, 'Una madre soltera se adentra en un mundo de retorcidos juegos psicológicos cuando inicia una relación cuasi-no consentida con su jefe, un psiquiatra, y se hace amiga en secreto de su misteriosa esposa. La trama se bassa en un thriller sobre un triángulo amoroso perverso, más la introducción sutilmente de un elemento clave, que dará un giro notable a la obra.', '1', 'N/A', 'https://www.youtube.com/embed/c4LtoWQaLxk', NULL),
	(70, './posters/70.jpg', 'Her', 1, 3, 'En un futuro cercano, Theodore, un hombre solitario a punto de divorciarse que trabaja en una empresa como escritor de cartas para terceras personas, compra un día un nuevo sistema operativo basado en el modelo de Inteligencia Artificial, diseñado para satisfacer todas las necesidades del usuario. Para su sorpresa, se crea una relación romántica entre él y Samantha, la voz femenina de ese sistema operativo.', 'N/A', '126 minutos', 'https://www.youtube.com/embed/UVMcpZ42BkA', NULL),
	(71, './posters/71.jpg', 'Misión Imposible', 1, 1, 'Ethan Hunt es un superespía capaz de resolver cualquier arriesgada situación con la máxima elegancia. Forma parte de un competente equipo dirigido por el agente Jim Phelps, que ha vuelto a reunir a sus hombres para participar en una dificilísima misión: evitar la venta de un disco robado que contiene información secreta de vital importancia.', 'N/A', '110 minutos', 'https://www.youtube.com/embed/Ohws8y572KE', NULL),
	(72, './posters/72.jpg', 'El agente de C.I.P.O.L.', 1, 1, 'Guerra fría, años 60. Narra las aventuras de dos agentes secretos que se parecen más de lo que creen: Napoleon Solo, de la CIA, e Illya Kuryakin, del KGB. Ambos se ven obligados a olvidar sus diferencias y formar un equipo cuya misión será poner fin a una misteriosa organización criminal internacional que pretende desestabilizar el frágil equilibrio de poder provocado por la proliferación de las armas nucleares. La hija de un científico alemán desaparecido es la clave para infiltrarse en la organización, encontrar al científico y evitar una catástrofe mundial.', 'N/A', '116 minutos', 'https://www.youtube.com/embed/AeUzNxHHryQ', NULL),
	(73, './posters/73.jpg', 'Jumanji - Bienvenidos a la jungla', 1, 7, 'Cuatro adolescentes son absorbidos por un videojuego, en el que se convierten en avatares de personajes arquetípicos. Allí vivirán múltiples aventuras, al tiempo que buscan cómo salir de allí para volver a su mundo.', 'N/A', '119 minutos', 'https://www.youtube.com/embed/2QKg5SZ_35I', NULL),
	(74, './posters/74.jpg', 'Mujer Maravilla 1984', 1, 7, 'En 1984, en plena guerra fría, Diana Prince, conocida como La Mujer Maravilla, se enfrenta al empresario Maxwell Lord y a su antigua amiga Barbara Minerva / Cheetah, una villana que posee fuerza y agilidad sobrehumanas.', 'N/A', '151 minutos', 'https://www.youtube.com/embed/sfM7_JLk-84', NULL),
	(75, './posters/75.jpg', 'El Contador', 1, 2, 'Christian Wolff es un contable y genio matemático, un hombre obsesivo con el orden y con mucha más afinidad con los números que con las personas, que lleva una doble vida como asesino despiadado.', 'N/A', '128 minutos', 'https://www.youtube.com/embed/DBfsgcswlYQ', NULL),
	(76, './posters/76.jpg', 'Mala Educació', 1, 8, 'Frank Tassone, uno de los superintendentes más destacados del distrito escolar de Roslyn en Nueva York se desvive a diario para que la educación de sus alumnos sea la mejor. Pero de forma paralela, este se lucra con dinero público para llevar una vida llena de lujos. Así, Tassone y su personal, amigos y familiares, se convierten en los principales sospechosos del mayor escándalo de malversación de fondos ocurrido en una escuela pública de toda la historia de los Estados Unidos. (Algunas personas aprenden de manera difícil.),', 'N/A', '108 minutos', 'https://www.youtube.com/embed/DBfsgcswlYQ', NULL),
	(78, './posters/78.jpg', 'Noche en el Museo', 1, 2, 'Un padre divorciado trata de establecerse, impresionar a su hijo y encontrar su destino. Él se presenta para un trabajo como vigilante nocturno en el Museo Americano de Historia Natural de la ciudad de Nueva York y, posteriormente, descubre que los objetos expuestos, animados por un artefacto mágico de Egipto, vuelven a la vida durante la noche. Al principio le va muy mal tratando de mantener el orden y la calma en el museo, pero al final se vuelve muy buen amigo de todos y juntos ayudan a recuperar aquel artefacto mágico egipcio, ya que ha sido robado por los antiguos vigilantes del museo.', 'N/A', '108 minutos', 'https://www.youtube.com/embed/B2G-8raHvOU', NULL),
	(79, './posters/79.jpg', 'Bohemian Rhapsody', 1, 8, 'Bohemian Rhapsody es una rotunda y sonora celebración de Queen, de su música y de su extraordinario cantante Freddie Mercury, que desafió estereotipos e hizo añicos tradiciones para convertirse en uno de los showmans más queridos del mundo. La película plasma el meteórico ascenso al olimpo de la música de la banda a través de sus icónicas canciones y su revolucionario sonido, su crisis cuando el estilo de vida de Mercury estuvo fuera de control, y su triunfal reunión en la víspera del Live Aid, en la que Mercury, mientras sufría una enfermedad que amenazaba su vida, lidera a la banda en uno de los conciertos de rock más grandes de la historia. Veremos cómo se cimentó el legado de una banda que siempre se pareció más a una familia, y que continúa inspirando a propios y extraños, soñadores y amantes de la música hasta nuestros días.', 'N/A', '134 minutos', 'https://www.youtube.com/embed/mP0VHJYFOAU', NULL),
	(80, './posters/80.jpg', 'Rock of ages', 1, 4, 'Los Ángeles, 1987: Un aspirante a roquero y una chica que trabajan en el mismo club (Bourbone Room), se enamoran y tratan de impedir que el local caiga en manos de unos empresarios que quieren demolerlo. Esta película es la adaptación cinematográfica del musical homónimo de Broadway.', 'N/A', '123 minutos', 'https://www.youtube.com/embed/mP0VHJYFOAU', NULL),
	(81, './posters/81.jpg', 'Super 8', 1, 3, 'Año 1979, en un pequeño pueblo de Ohio. Joe Lamb (Joel Courtney), es un muchacho que ha perdido a su madre en un accidente y que vive con su padre policía (Kyle Chandler),. Comenzado el verano, y mientras rueda una película de zombis en Super 8 con sus amigos -y sobre todo con la bella Alice Dainard (Elle Fanning),-, Joe observa cómo una camioneta se estrella contra un tren de mercancías, provocando su descarrilamiento y un terrible accidente. A partir de ese momento cosas extrañas e inexplicables comienzan a suceder en el pueblo.', 'N/A', '82 minutos', 'https://www.youtube.com/embed/QtZ6BQRDk4g', NULL),
	(82, './posters/82.jpg', 'Jurassic World - El reino caido', 1, 2, 'Tras cuatro años de abandono del complejo turístico Jurassic World, la isla Nublar solo está habitada por los dinosaurios supervivientes, pero el volcán inactivo de la isla comienza a cobrar vida, Owen y Claire montan una campaña para rescatar a los dinosaurios restantes en la isla.', 'N/A', '82 minutos', 'https://www.youtube.com/embed/vn9mMeWcgoM', NULL),
	(83, './posters/83.jpg', 'Indiana Jones - y el Reino de la Calavera de Cristal', 1, 2, 'Guerra Fría (1957),. Indiana Jones (Harrison Ford), y su amigo Mac (Ray Winstone), acaban de escapar de las garras de unos agentes soviéticos en un remoto aeropuerto. El decano de la Universidad (Jim Broadbent), le confiesa a su amigo el profesor Jones que las últimas misiones de Indy han fracasado y que está a punto de ser despedido. Mientras tanto, Indiana conoce a Mutt (Shia LaBeouf),, un joven rebelde que le propone un trato: si le ayuda a resolver un problema personal, él, a cambio, le facilitaría uno de los descubrimientos más espectaculares de la historia: la Calavera de Cristal de Akator, que se encuentra en un lugar remoto del Perú. Pero los agentes soviéticos, dirigidos por la fría y bella Irina Spalko (Cate Blanchett),, tienen el mismo objetivo.', 'N/A', '127 minutos', 'https://www.youtube.com/embed/WAdJf4wTC5Y', NULL),
	(84, './posters/84.jpg', 'Los Goonies', 1, 6, 'Mikey, un muchacho de trece años, que junto con su hermano mayor y sus amigos se hacen llamar \'Los Goonies\', decide subir a jugar al desván de su casa, donde su padre guarda antigüedades. Allí, el grupo encuentra el mapa de un tesoro y emprende un fabuloso viaje para validar la veracidad de dicho mapa, y encontrar ese tesoro tan preciado por estos amigos inseparables.', 'N/A', '114 minutos', 'https://www.youtube.com/embed/hJ2j4oWdQtU', NULL),
	(85, './posters/85.jpg', 'Cars', 1, 6, 'El aspirante a campeón de carreras Rayo McQueen está sobre la vía rápida al éxito, la fama y todo lo que él había soñado, hasta que por error toma un desvío inesperado en la polvorienta y solitaria Ruta 66. Su actitud arrogante se desvanece cuando llega a una pequeña comunidad olvidada que le enseña las cosas importantes de la vida que había olvidado.', 'N/A', '114 minutos', 'https://www.youtube.com/embed/SbXIj2T-_uk', NULL),
	(86, './posters/86.jpg', 'Los pingüinos de Madagascar', 1, 6, 'Los pingüinos llevan sus misiones en su hábitat en el Parque Central. Aparecen Julien, el rey de los lémures, y sus súbditos Maurice y Mort, sus nuevos vecinos, que constituyen la exhibición de lémures en el zoológico. Ahora los pingüinos deben mantener las cosas bajo control, a menudo a pesar de las payasadas de los lémures así como auxiliar en labores poco comunes o aventuras fuera de lo común. Skipper rara vez llama al Rey Julien por su nombre, dirigiéndose a él siempre como \'Cola anillada\' (por ser un lemur de cola anillada),.', 'N/A', '101 minutos', 'https://www.youtube.com/embed/SbXIj2T-_uk', NULL),
	(87, './posters/87.jpg', 'Cementerio de animales', 1, 10, 'Louis Creed, su esposa y sus dos niños se instalan en una vivienda próxima a una carretera con mucho tráfico. Cerca de la casa hay un sendero que lleva a un cementerio de animales y también a un antiguo cementerio indio; según la leyenda, los que sean enterrados allí volverán a la vida. Cuando uno de los niños muere atropellado por un camión, Louis ldecide enterrarlo en el cementerio indio.', 'N/A', '103 minutos', 'https://www.youtube.com/embed/JMao8sg4DPA', NULL),
	(88, './posters/88.jpg', 'Poltergeist', 1, 10, 'Una familia americana de clase media se traslada a vivir e una nueva casa en un aparentemente idílico barrio, pero dentro de la casa comienzan a suceder cosas extrañas, fenómenos paranormales para los que no hay explicación posible.', 'N/A', '114 minutos', 'https://www.youtube.com/embed/9eZgEKjYJqA', NULL),
	(89, './posters/89.jpg', 'El código Da Vinci', 1, 2, 'El catedrático y afamado simbologista Robert Langdon se ve obligado a acudir una noche al Museo del Louvre, cuando el asesinato de un restaurador deja tras de sí un misterioso rastro de símbolos y pistas. Con la ayuda de la criptógrafa de la policía Sophie Neveu y poniendo en juego su propia vida, Langdon descubre que la obra de Leonardo Da Vinci esconde una serie de misterios que apuntan a una sociedad secreta encargada de custodiar un antiguo secreto que ha permanecido oculto durante dos mil años.', 'N/A', '249 minutos', 'https://www.youtube.com/embed/lfqHb6INj3w', NULL),
	(90, './posters/90.jpg', 'Johnny English', 1, 4, 'Las joyas de la Corona de su Majestad han desaparecido. Detrás de ello se esconde Pascal Sauvage (John Malkovich),, que también conspira para hacerse con el trono de la reina. La misión es asignada a Johnny English (Rowan Atkinson),, un agente tan entregado al trabajo como inexperto. Desde ese momento la información confidencial, los coches de lujo y la tecnología más sofisticada forman parte de su rutina diaria. Johnny English aún no se lo acaba de creer. Quizás todo esto le venga algo grande, pero su empeño con la misión y dedicación para llegar hasta el final es incuestionable, especialmente después de conocer a la agente doble Lorna Campbell (Natalie Imbruglia),. Parece ser que lo de estar enamorado aún hará más emocionante esto de salvar al país.', 'N/A', '188 minutos', 'https://www.youtube.com/embed/EG0MR5dFz7E', NULL),
	(91, './posters/91.jpg', 'Almost Famous', 1, 5, 'Homenaje al rock de los 70. Gracias a sus buenas críticas musicales, un adolescente que aspira a ser periodista es contratado por la revista \'Rolling Stone\' para cubrir la gira de una famosa banda. A pesar de su juventud y de la oposición de su madre, el chico vivirá con los músicos y sus fans una aventura inolvidable. Basada en la propia experiencia de Crowe.', 'N/A', '122 minutos', 'https://www.youtube.com/embed/aQXh_AaJXaM', NULL),
	(92, './posters/92.jpg', 'Escuela de Rock', 1, 4, 'Dewey Finn -Jack Black- es un guitarrista con delirios de grandeza que es expulsado de su banda. Desesperado por encontrar un trabajo ante su falta de dinero, suplanta la identidad de un profesor sustituto para dar clase en una escuela privada a los pequeños alumnos pre-adolescentes de 5o grado a los que intentará enseñarles el \'rock & roll de alto voltaje\'. Además entre sus alumnos está Yuki, un guitarrista prodigio de 9 años que puede ayudar a Dewey a ganar la competición de bandas de música... y de paso solucionar sus problemas económicos.', 'N/A', '110 minutos', 'https://www.youtube.com/embed/TExoc0MG4I4', NULL),
	(93, './posters/93.jpg', 'Mi pobre angelito', 1, 6, 'Kevin McAllister es un niño de ocho años, miembro de una familia numerosa, que accidentalmente se queda abandonado en su casa cuando toda la familia se marcha a pasar las vacaciones a Francia. Kevin aprende a valerse por sí mismo e incluso a protegerse de Harry y Marv, dos bribones que se proponen asaltar todas las casas cerradas de su vecindario. Cuando su madre Kate lo hecha en falta, realiza un pintoresco viaje de vuelta contra reloj a Chicago para recuperar a su hijo.', 'N/A', '102 minutos', 'https://www.youtube.com/embed/jEDaVHmw7r4', NULL),
	(94, './posters/94.jpg', 'Aprendices fuera de línea', 1, 4, 'Cuando dos cuarentones vendedores de relojes son despedidos de sus respectivos trabajos, convencidos ambos de que no se han adaptado a los cambios de las nuevas tecnologías, deciden empezar de nuevo y buscar trabajo en la empresa más exitosa de Internet: Google. Finalmente consiguen un contrato de prácticas como becarios. La locura comienza cuando se ven compitiendo para conseguir el puesto con jóvenes veinteañeros, mucho más listos y más familiarizados con el mundo digital que ellos.', 'N/A', '125 minutos', 'https://www.youtube.com/embed/tn02SPT6ivM', NULL),
	(95, './posters/95.jpg', 'Outsourced', 2, 4, 'Ambientada en el continente estadounidense, una empresa norteamericana que busca reducir los gastos, asciende a su mejor empleado del Call Center, poniéndolo a cargo del mismo. La única condición para dicho empleado, es viajar a la India, lugar en el mundo donde tercerizan el servicio ode atención al cliente, para abaratar costos. Allí, en la Ciudad de Bombay, los nativos le explican la cultura indú a los nóveles norteamericanos, y viceversa. Tendrán que convivir cada uno de los empleados de estos diferentes países, con sus pares y/o jefes opuestos en cultura.', '1', 'N/A', 'https://www.youtube.com/embed/_wR3LhFlgGo', NULL),
	(96, './posters/96.jpg', 'Miedo Profundo', 1, 9, 'Nancy, una estudiante de medicina apasionada del surfing, es una joven que trata de superar la pérdida de su madre. Un día, practicando surf en una solitaria playa mexicana se queda atrapada en un islote a sólo cien metros de la costa. El problema está en que un enorme tiburón blanco se interpone entre ella y la otra orilla.', 'N/A', '86 minutos', 'https://www.youtube.com/embed/EgdxIlSuB70', NULL),
	(97, './posters/97.jpg', 'Everest', 1, 8, 'Inspirada en los hechos que tuvieron lugar durante un intento por alcanzar el pico más alto del mundo, narra las peripecias de dos expediciones que se enfrentan a la peor tormenta de nieve conocida. En un desesperado esfuerzo por sobrevivir, el temple de los alpinistas se ve puesto a prueba al tener que enfrentarse a la furia desatada de los elementos y a obstáculos casi insuperables.', 'N/A', '121 minutos', 'https://www.youtube.com/embed/5ZQVpPiOji0', NULL),
	(98, './posters/98.jpg', 'La Familia Addams', 1, 6, 'El delirante y gótico estilo de vida de la peculiar familia Addams se ve amenazado peligrosamente cuando el codicioso dúo que forman madre e hijo, con la ayuda de un abogado sin ningún escrúpulos, conspiran para hacerse con la fortuna familiar... (No se pierdan las locutras de Gomez, Morticia, Tío Lucas, Merlina, El tío Cosas, Dedos y Largo),', 'N/A', '101 minutos', 'https://www.youtube.com/embed/G388UMkJIBE', NULL);

-- Volcando datos para la tabla trailerflix.contenido_tag: ~307 rows (aproximadamente)
INSERT INTO `contenido_tag` (`contenido_id`, `tag_id`) VALUES
	(1, 8),
	(1, 23),
	(2, 8),
	(2, 9),
	(2, 10),
	(3, 2),
	(3, 12),
	(3, 13),
	(4, 8),
	(4, 12),
	(4, 13),
	(5, 8),
	(5, 9),
	(5, 16),
	(6, 8),
	(6, 9),
	(6, 10),
	(7, 7),
	(7, 22),
	(8, 2),
	(8, 13),
	(8, 15),
	(9, 8),
	(9, 12),
	(9, 15),
	(10, 2),
	(10, 12),
	(10, 13),
	(11, 3),
	(11, 9),
	(11, 12),
	(12, 3),
	(12, 8),
	(12, 11),
	(13, 8),
	(13, 11),
	(13, 20),
	(14, 7),
	(14, 8),
	(14, 13),
	(15, 8),
	(15, 23),
	(16, 8),
	(16, 13),
	(16, 20),
	(17, 8),
	(17, 9),
	(17, 21),
	(18, 2),
	(18, 7),
	(18, 8),
	(19, 2),
	(19, 3),
	(19, 9),
	(20, 2),
	(20, 7),
	(20, 13),
	(21, 3),
	(21, 9),
	(21, 12),
	(21, 15),
	(22, 7),
	(22, 13),
	(22, 18),
	(23, 7),
	(23, 12),
	(23, 17),
	(24, 2),
	(24, 12),
	(24, 15),
	(25, 1),
	(25, 8),
	(25, 15),
	(26, 5),
	(26, 7),
	(26, 8),
	(27, 2),
	(27, 13),
	(27, 17),
	(27, 18),
	(28, 7),
	(28, 8),
	(28, 19),
	(29, 2),
	(29, 8),
	(29, 15),
	(30, 8),
	(30, 13),
	(30, 15),
	(31, 7),
	(31, 8),
	(31, 13),
	(32, 7),
	(32, 9),
	(32, 15),
	(33, 8),
	(33, 9),
	(33, 17),
	(34, 8),
	(34, 23),
	(35, 2),
	(35, 12),
	(35, 13),
	(36, 1),
	(36, 8),
	(36, 21),
	(37, 1),
	(37, 3),
	(37, 21),
	(38, 1),
	(38, 8),
	(38, 21),
	(39, 2),
	(39, 7),
	(39, 8),
	(40, 6),
	(40, 7),
	(40, 8),
	(41, 2),
	(41, 6),
	(41, 12),
	(41, 15),
	(42, 3),
	(42, 11),
	(42, 15),
	(43, 2),
	(43, 8),
	(43, 15),
	(44, 7),
	(44, 10),
	(44, 11),
	(45, 6),
	(45, 7),
	(45, 8),
	(46, 1),
	(46, 8),
	(46, 23),
	(47, 7),
	(47, 8),
	(47, 17),
	(48, 7),
	(48, 8),
	(48, 17),
	(49, 7),
	(49, 8),
	(49, 17),
	(50, 3),
	(50, 11),
	(51, 8),
	(51, 11),
	(52, 8),
	(52, 14),
	(52, 23),
	(53, 1),
	(53, 7),
	(53, 8),
	(53, 23),
	(54, 1),
	(54, 7),
	(54, 8),
	(54, 23),
	(55, 1),
	(55, 8),
	(55, 14),
	(55, 23),
	(56, 6),
	(56, 8),
	(56, 13),
	(56, 14),
	(57, 7),
	(57, 8),
	(57, 10),
	(57, 14),
	(58, 7),
	(58, 8),
	(58, 23),
	(59, 6),
	(59, 10),
	(59, 15),
	(60, 6),
	(60, 10),
	(60, 15),
	(61, 6),
	(61, 7),
	(61, 17),
	(62, 1),
	(62, 8),
	(62, 14),
	(62, 23),
	(63, 3),
	(64, 6),
	(64, 8),
	(64, 10),
	(64, 12),
	(64, 13),
	(65, 2),
	(65, 7),
	(65, 8),
	(66, 7),
	(66, 8),
	(66, 10),
	(66, 22),
	(67, 1),
	(67, 8),
	(67, 23),
	(67, 24),
	(68, 6),
	(68, 8),
	(68, 12),
	(69, 7),
	(69, 8),
	(69, 22),
	(70, 6),
	(70, 8),
	(70, 13),
	(70, 14),
	(71, 2),
	(71, 8),
	(71, 14),
	(72, 2),
	(72, 3),
	(72, 8),
	(72, 15),
	(73, 3),
	(73, 9),
	(73, 12),
	(73, 15),
	(74, 3),
	(74, 9),
	(74, 12),
	(74, 15),
	(75, 2),
	(75, 7),
	(75, 8),
	(75, 15),
	(75, 22),
	(76, 1),
	(76, 8),
	(76, 23),
	(78, 2),
	(78, 3),
	(78, 6),
	(78, 11),
	(78, 15),
	(79, 1),
	(79, 8),
	(79, 23),
	(79, 24),
	(80, 3),
	(80, 8),
	(80, 14),
	(80, 24),
	(80, 25),
	(81, 7),
	(81, 10),
	(81, 13),
	(82, 2),
	(82, 13),
	(82, 15),
	(83, 2),
	(83, 15),
	(84, 2),
	(84, 11),
	(84, 15),
	(85, 3),
	(85, 4),
	(85, 11),
	(85, 15),
	(86, 3),
	(86, 4),
	(86, 11),
	(86, 15),
	(87, 7),
	(87, 8),
	(87, 17),
	(88, 7),
	(88, 8),
	(88, 17),
	(89, 7),
	(89, 8),
	(89, 10),
	(89, 15),
	(90, 2),
	(90, 3),
	(90, 11),
	(91, 8),
	(91, 23),
	(91, 24),
	(92, 3),
	(92, 11),
	(92, 24),
	(93, 3),
	(93, 11),
	(93, 24),
	(94, 3),
	(94, 11),
	(95, 3),
	(95, 11),
	(96, 7),
	(96, 8),
	(96, 17),
	(97, 7),
	(97, 8),
	(97, 23),
	(98, 3),
	(98, 11),
	(98, 12);

-- Volcando datos para la tabla trailerflix.genero: ~0 rows (aproximadamente)
INSERT INTO `genero` (`genero_id`, `nombre`) VALUES
	(1, 'Acción'),
	(2, 'Aventura'),
	(3, 'Ciencia Ficción'),
	(4, 'Comedia'),
	(5, 'Drama'),
	(6, 'Familia'),
	(7, 'Fantasía'),
	(8, 'Suceso Real'),
	(9, 'Suspenso'),
	(10, 'Terror');

-- Volcando datos para la tabla trailerflix.ranking: ~0 rows (aproximadamente)
INSERT INTO `ranking` (`id_rank`, `calificacion`, `comentarios`) VALUES
	(1, 10, 'Ta buena'),
	(2, 7, 'Regular');

-- Volcando datos para la tabla trailerflix.reparto: ~0 rows (aproximadamente)
INSERT INTO `reparto` (`contenido_id`, `actores_id`) VALUES
	(1, 196),
	(1, 475),
	(1, 656),
	(1, 704),
	(1, 749),
	(1, 764),
	(2, 36),
	(2, 275),
	(2, 522),
	(2, 562),
	(2, 668),
	(2, 777),
	(3, 288),
	(3, 408),
	(3, 414),
	(3, 495),
	(3, 657),
	(3, 701),
	(4, 105),
	(4, 110),
	(4, 398),
	(4, 402),
	(4, 634),
	(4, 766),
	(5, 42),
	(5, 66),
	(5, 138),
	(5, 153),
	(5, 320),
	(5, 566),
	(6, 265),
	(6, 523),
	(6, 618),
	(6, 764),
	(6, 799),
	(6, 836),
	(7, 76),
	(7, 113),
	(7, 230),
	(7, 245),
	(7, 697),
	(7, 800),
	(8, 342),
	(8, 432),
	(8, 476),
	(8, 783),
	(8, 801),
	(8, 831),
	(9, 70),
	(9, 136),
	(9, 160),
	(9, 182),
	(9, 343),
	(9, 433),
	(10, 33),
	(10, 145),
	(10, 360),
	(10, 421),
	(10, 651),
	(10, 677),
	(11, 201),
	(11, 248),
	(11, 326),
	(11, 417),
	(11, 424),
	(11, 631),
	(11, 658),
	(12, 223),
	(12, 437),
	(12, 496),
	(12, 689),
	(12, 698),
	(12, 775),
	(13, 44),
	(13, 187),
	(13, 249),
	(13, 284),
	(13, 390),
	(13, 702),
	(14, 99),
	(14, 146),
	(14, 161),
	(14, 242),
	(14, 458),
	(14, 644),
	(15, 30),
	(15, 58),
	(15, 368),
	(15, 391),
	(15, 678),
	(15, 759),
	(16, 34),
	(16, 64),
	(16, 83),
	(16, 89),
	(16, 100),
	(16, 211),
	(16, 252),
	(16, 267),
	(16, 321),
	(16, 346),
	(16, 369),
	(16, 547),
	(16, 557),
	(16, 570),
	(16, 579),
	(16, 608),
	(16, 726),
	(16, 738),
	(16, 767),
	(16, 778),
	(16, 837),
	(16, 838),
	(17, 1),
	(17, 37),
	(17, 188),
	(17, 350),
	(17, 450),
	(17, 721),
	(18, 38),
	(18, 162),
	(18, 272),
	(18, 447),
	(18, 497),
	(18, 510),
	(19, 132),
	(19, 528),
	(19, 531),
	(19, 588),
	(19, 709),
	(19, 739),
	(20, 111),
	(20, 189),
	(20, 214),
	(20, 224),
	(20, 626),
	(20, 743),
	(21, 6),
	(21, 71),
	(21, 106),
	(21, 231),
	(21, 262),
	(21, 280),
	(21, 322),
	(21, 335),
	(21, 351),
	(21, 378),
	(21, 385),
	(21, 469),
	(21, 538),
	(21, 548),
	(21, 589),
	(21, 592),
	(21, 779),
	(21, 811),
	(22, 154),
	(22, 158),
	(22, 215),
	(22, 379),
	(22, 392),
	(22, 393),
	(23, 93),
	(23, 241),
	(23, 246),
	(23, 447),
	(23, 590),
	(23, 663),
	(24, 2),
	(24, 268),
	(24, 285),
	(24, 438),
	(24, 610),
	(24, 718),
	(25, 217),
	(25, 386),
	(25, 425),
	(25, 549),
	(25, 652),
	(25, 681),
	(26, 247),
	(26, 294),
	(26, 553),
	(26, 585),
	(27, 59),
	(27, 114),
	(27, 175),
	(27, 278),
	(27, 312),
	(27, 524),
	(28, 276),
	(28, 313),
	(28, 316),
	(28, 386),
	(28, 519),
	(28, 550),
	(28, 818),
	(29, 418),
	(29, 464),
	(29, 580),
	(29, 694),
	(29, 793),
	(29, 801),
	(29, 824),
	(30, 386),
	(30, 447),
	(30, 554),
	(30, 711),
	(30, 768),
	(30, 822),
	(30, 832),
	(31, 90),
	(31, 239),
	(31, 439),
	(31, 477),
	(31, 600),
	(31, 632),
	(31, 825),
	(32, 327),
	(32, 419),
	(32, 465),
	(32, 490),
	(32, 571),
	(32, 601),
	(32, 690),
	(33, 5),
	(33, 192),
	(33, 258),
	(33, 269),
	(33, 613),
	(33, 722),
	(33, 791),
	(34, 155),
	(34, 259),
	(34, 263),
	(34, 491),
	(34, 679),
	(34, 769),
	(35, 509),
	(35, 572),
	(35, 574),
	(35, 639),
	(35, 810),
	(35, 826),
	(36, 7),
	(36, 15),
	(36, 289),
	(36, 470),
	(36, 614),
	(36, 691),
	(36, 732),
	(37, 47),
	(37, 67),
	(37, 79),
	(37, 121),
	(37, 260),
	(37, 323),
	(37, 415),
	(37, 659),
	(38, 16),
	(38, 20),
	(38, 122),
	(38, 149),
	(38, 394),
	(38, 483),
	(38, 619),
	(38, 624),
	(38, 744),
	(39, 77),
	(39, 218),
	(39, 286),
	(39, 307),
	(39, 434),
	(39, 567),
	(39, 575),
	(39, 795),
	(40, 84),
	(40, 85),
	(40, 250),
	(40, 426),
	(41, 355),
	(41, 403),
	(41, 618),
	(41, 620),
	(41, 660),
	(41, 672),
	(41, 712),
	(41, 713),
	(41, 754),
	(42, 328),
	(42, 344),
	(42, 440),
	(42, 453),
	(42, 501),
	(42, 548),
	(42, 627),
	(42, 635),
	(42, 682),
	(42, 699),
	(43, 14),
	(43, 91),
	(43, 183),
	(43, 184),
	(43, 226),
	(43, 533),
	(43, 770),
	(43, 784),
	(43, 812),
	(44, 115),
	(44, 287),
	(44, 295),
	(44, 347),
	(44, 411),
	(44, 418),
	(44, 451),
	(44, 727),
	(44, 799),
	(44, 833),
	(45, 60),
	(45, 117),
	(45, 253),
	(45, 324),
	(45, 346),
	(45, 542),
	(45, 740),
	(45, 771),
	(46, 130),
	(46, 176),
	(46, 298),
	(46, 302),
	(46, 331),
	(46, 346),
	(46, 364),
	(46, 382),
	(46, 705),
	(47, 53),
	(47, 86),
	(47, 303),
	(47, 352),
	(47, 404),
	(47, 478),
	(47, 581),
	(47, 703),
	(47, 819),
	(48, 72),
	(48, 101),
	(48, 139),
	(48, 243),
	(48, 273),
	(48, 353),
	(48, 502),
	(48, 706),
	(48, 745),
	(49, 61),
	(49, 233),
	(49, 241),
	(49, 256),
	(49, 347),
	(49, 374),
	(49, 383),
	(49, 416),
	(49, 653),
	(50, 73),
	(50, 228),
	(50, 304),
	(50, 435),
	(50, 454),
	(50, 459),
	(50, 529),
	(50, 543),
	(50, 556),
	(50, 700),
	(51, 18),
	(51, 96),
	(51, 185),
	(51, 512),
	(51, 551),
	(51, 555),
	(51, 602),
	(51, 625),
	(51, 723),
	(52, 133),
	(52, 163),
	(52, 216),
	(52, 391),
	(52, 645),
	(52, 664),
	(52, 714),
	(52, 741),
	(52, 780),
	(53, 140),
	(53, 332),
	(53, 395),
	(53, 400),
	(53, 441),
	(53, 452),
	(53, 534),
	(53, 563),
	(53, 785),
	(54, 150),
	(54, 309),
	(54, 317),
	(54, 412),
	(54, 513),
	(54, 516),
	(54, 631),
	(54, 750),
	(54, 834),
	(55, 26),
	(55, 118),
	(55, 244),
	(55, 346),
	(55, 396),
	(55, 399),
	(55, 425),
	(55, 492),
	(55, 539),
	(56, 45),
	(56, 55),
	(56, 74),
	(56, 235),
	(56, 550),
	(56, 564),
	(56, 571),
	(56, 751),
	(56, 772),
	(57, 107),
	(57, 193),
	(57, 204),
	(57, 232),
	(57, 455),
	(57, 456),
	(57, 493),
	(57, 636),
	(57, 760),
	(58, 37),
	(58, 164),
	(58, 365),
	(58, 403),
	(58, 409),
	(58, 511),
	(58, 621),
	(58, 636),
	(58, 675),
	(58, 721),
	(59, 8),
	(59, 27),
	(59, 40),
	(59, 54),
	(59, 57),
	(59, 151),
	(59, 202),
	(59, 254),
	(59, 314),
	(59, 329),
	(59, 333),
	(59, 455),
	(59, 593),
	(59, 628),
	(59, 646),
	(59, 752),
	(59, 792),
	(59, 820),
	(59, 823),
	(60, 27),
	(60, 46),
	(60, 54),
	(60, 119),
	(60, 123),
	(60, 156),
	(60, 165),
	(60, 219),
	(60, 270),
	(60, 310),
	(60, 366),
	(60, 372),
	(60, 498),
	(60, 552),
	(60, 568),
	(60, 695),
	(60, 742),
	(60, 788),
	(60, 827),
	(61, 87),
	(61, 131),
	(61, 348),
	(61, 471),
	(61, 503),
	(61, 637),
	(61, 796),
	(62, 3),
	(62, 66),
	(62, 290),
	(62, 367),
	(62, 466),
	(62, 669),
	(62, 781),
	(62, 813),
	(62, 825),
	(63, 126),
	(63, 299),
	(63, 373),
	(63, 586),
	(63, 607),
	(63, 669),
	(63, 683),
	(63, 737),
	(63, 828),
	(64, 21),
	(64, 168),
	(64, 170),
	(64, 236),
	(64, 261),
	(64, 291),
	(64, 436),
	(64, 460),
	(64, 558),
	(64, 580),
	(64, 597),
	(64, 615),
	(64, 640),
	(64, 669),
	(64, 786),
	(64, 789),
	(64, 790),
	(64, 803),
	(65, 62),
	(65, 83),
	(65, 97),
	(65, 124),
	(65, 240),
	(65, 336),
	(65, 387),
	(65, 442),
	(65, 487),
	(65, 603),
	(65, 629),
	(65, 665),
	(65, 815),
	(66, 9),
	(66, 108),
	(66, 212),
	(66, 213),
	(66, 388),
	(66, 484),
	(66, 509),
	(66, 525),
	(66, 532),
	(66, 576),
	(66, 628),
	(66, 673),
	(66, 747),
	(66, 753),
	(66, 818),
	(67, 56),
	(67, 257),
	(67, 266),
	(67, 279),
	(67, 330),
	(67, 361),
	(67, 375),
	(67, 520),
	(67, 591),
	(68, 24),
	(68, 43),
	(68, 48),
	(68, 80),
	(68, 83),
	(68, 98),
	(68, 127),
	(68, 128),
	(68, 137),
	(68, 153),
	(68, 159),
	(68, 190),
	(68, 191),
	(68, 196),
	(68, 197),
	(68, 198),
	(68, 205),
	(68, 234),
	(68, 252),
	(68, 277),
	(68, 281),
	(68, 300),
	(68, 308),
	(68, 349),
	(68, 350),
	(68, 354),
	(68, 356),
	(68, 376),
	(68, 380),
	(68, 384),
	(68, 405),
	(68, 427),
	(68, 428),
	(68, 443),
	(68, 448),
	(68, 449),
	(68, 457),
	(68, 479),
	(68, 480),
	(68, 499),
	(68, 521),
	(68, 526),
	(68, 530),
	(68, 559),
	(68, 573),
	(68, 582),
	(68, 584),
	(68, 598),
	(68, 601),
	(68, 611),
	(68, 616),
	(68, 641),
	(68, 642),
	(68, 645),
	(68, 661),
	(68, 670),
	(68, 674),
	(68, 684),
	(68, 692),
	(68, 707),
	(68, 729),
	(68, 733),
	(68, 734),
	(68, 748),
	(68, 755),
	(68, 761),
	(68, 797),
	(68, 804),
	(68, 829),
	(68, 835),
	(69, 4),
	(69, 12),
	(69, 147),
	(69, 339),
	(69, 420),
	(69, 514),
	(69, 517),
	(69, 662),
	(69, 805),
	(70, 10),
	(70, 370),
	(70, 488),
	(70, 504),
	(70, 571),
	(70, 619),
	(70, 697),
	(70, 712),
	(70, 801),
	(71, 25),
	(71, 186),
	(71, 210),
	(71, 222),
	(71, 315),
	(71, 318),
	(71, 389),
	(71, 527),
	(71, 696),
	(72, 141),
	(72, 194),
	(72, 569),
	(72, 618),
	(72, 678),
	(72, 680),
	(72, 685),
	(72, 693),
	(72, 724),
	(72, 787),
	(72, 816),
	(73, 6),
	(73, 71),
	(73, 106),
	(73, 231),
	(73, 262),
	(73, 280),
	(73, 322),
	(73, 335),
	(73, 385),
	(73, 469),
	(73, 548),
	(73, 589),
	(73, 592),
	(73, 779),
	(73, 811),
	(74, 397),
	(74, 444),
	(74, 544),
	(74, 565),
	(74, 620),
	(74, 622),
	(74, 701),
	(74, 754),
	(74, 822),
	(75, 9),
	(75, 94),
	(75, 125),
	(75, 144),
	(75, 152),
	(75, 282),
	(75, 289),
	(75, 301),
	(75, 401),
	(75, 403),
	(75, 426),
	(75, 429),
	(75, 535),
	(75, 560),
	(75, 638),
	(75, 643),
	(75, 681),
	(75, 735),
	(76, 78),
	(76, 102),
	(76, 166),
	(76, 177),
	(76, 385),
	(76, 467),
	(76, 540),
	(76, 604),
	(76, 630),
	(76, 654),
	(76, 671),
	(76, 719),
	(76, 798),
	(76, 821),
	(78, 19),
	(78, 22),
	(78, 39),
	(78, 81),
	(78, 97),
	(78, 206),
	(78, 237),
	(78, 422),
	(78, 500),
	(78, 648),
	(78, 655),
	(78, 728),
	(78, 802),
	(79, 68),
	(79, 97),
	(79, 207),
	(79, 319),
	(79, 337),
	(79, 452),
	(79, 594),
	(79, 605),
	(79, 756),
	(80, 13),
	(80, 69),
	(80, 109),
	(80, 169),
	(80, 195),
	(80, 274),
	(80, 365),
	(80, 430),
	(80, 505),
	(80, 686),
	(80, 687),
	(80, 696),
	(80, 715),
	(80, 773),
	(80, 794),
	(81, 49),
	(81, 95),
	(81, 263),
	(81, 283),
	(81, 406),
	(81, 461),
	(81, 468),
	(81, 806),
	(81, 839),
	(82, 11),
	(82, 17),
	(82, 63),
	(82, 92),
	(82, 157),
	(82, 224),
	(82, 254),
	(82, 293),
	(82, 305),
	(82, 423),
	(82, 571),
	(82, 601),
	(82, 830),
	(83, 203),
	(83, 220),
	(83, 357),
	(83, 472),
	(83, 595),
	(83, 716),
	(83, 736),
	(83, 807),
	(83, 824),
	(84, 88),
	(84, 129),
	(84, 171),
	(84, 227),
	(84, 251),
	(84, 445),
	(84, 688),
	(84, 725),
	(84, 765),
	(85, 35),
	(85, 172),
	(85, 229),
	(85, 271),
	(85, 362),
	(85, 377),
	(85, 648),
	(85, 746),
	(85, 776),
	(86, 67),
	(86, 178),
	(86, 208),
	(86, 536),
	(86, 587),
	(86, 730),
	(87, 50),
	(87, 148),
	(87, 238),
	(87, 462),
	(87, 545),
	(87, 666),
	(87, 676),
	(87, 731),
	(87, 814),
	(88, 199),
	(88, 296),
	(88, 381),
	(88, 506),
	(88, 515),
	(88, 623),
	(88, 649),
	(88, 717),
	(88, 808),
	(89, 51),
	(89, 209),
	(89, 318),
	(89, 382),
	(89, 485),
	(89, 492),
	(89, 507),
	(89, 762),
	(89, 774),
	(90, 116),
	(90, 179),
	(90, 431),
	(90, 463),
	(90, 489),
	(90, 497),
	(90, 596),
	(90, 612),
	(90, 710),
	(91, 75),
	(91, 134),
	(91, 173),
	(91, 325),
	(91, 486),
	(91, 561),
	(91, 609),
	(91, 742),
	(91, 769),
	(92, 6),
	(92, 65),
	(92, 103),
	(92, 297),
	(92, 379),
	(92, 541),
	(92, 599),
	(92, 606),
	(92, 650),
	(93, 28),
	(93, 142),
	(93, 221),
	(93, 292),
	(93, 363),
	(93, 371),
	(93, 446),
	(93, 757),
	(93, 782),
	(94, 104),
	(94, 135),
	(94, 149),
	(94, 167),
	(94, 174),
	(94, 180),
	(94, 264),
	(94, 306),
	(94, 338),
	(94, 358),
	(94, 407),
	(94, 410),
	(94, 481),
	(94, 543),
	(94, 583),
	(94, 614),
	(94, 648),
	(94, 667),
	(94, 720),
	(94, 809),
	(95, 52),
	(95, 82),
	(95, 255),
	(95, 311),
	(95, 340),
	(95, 341),
	(95, 345),
	(95, 413),
	(95, 473),
	(95, 494),
	(95, 518),
	(95, 577),
	(95, 708),
	(96, 23),
	(96, 29),
	(96, 41),
	(96, 200),
	(96, 225),
	(96, 508),
	(96, 633),
	(96, 763),
	(96, 800),
	(97, 112),
	(97, 120),
	(97, 181),
	(97, 251),
	(97, 334),
	(97, 359),
	(97, 391),
	(97, 441),
	(97, 448),
	(97, 491),
	(97, 544),
	(97, 578),
	(97, 617),
	(97, 640),
	(97, 693),
	(97, 758),
	(98, 31),
	(98, 32),
	(98, 143),
	(98, 474),
	(98, 482),
	(98, 537),
	(98, 546),
	(98, 647),
	(98, 817);

-- Volcando datos para la tabla trailerflix.tag: ~0 rows (aproximadamente)
INSERT INTO `tag` (`tag_id`, `nombre`) VALUES
	(1, 'Historia'),
	(2, 'Acción'),
	(3, 'Comedia'),
	(4, 'Animación'),
	(5, 'Intriga'),
	(6, 'Ciencia ficción'),
	(7, 'Suspenso'),
	(8, 'Drama'),
	(9, 'Ficción'),
	(10, 'Misterio'),
	(11, 'Familia'),
	(12, 'Fantasía'),
	(13, 'Sci-Fi'),
	(14, 'Romance'),
	(15, 'Aventura'),
	(16, 'Sucesos'),
	(17, 'Terror'),
	(18, 'Futurista'),
	(19, '¿Ficción?'),
	(20, 'Western'),
	(21, 'Tecnología'),
	(22, 'Crimen'),
	(23, 'Suceso Real'),
	(24, 'Música'),
	(25, 'Musical');

-- Volcando datos para la tabla trailerflix.trabajos_filmicos: ~0 rows (aproximadamente)
INSERT INTO `trabajos_filmicos` (`id_trabajosf`, `fecha_lanzamiento`, `contenido_id`) VALUES
	(1, '2025-07-24', 32),
	(2, '2025-07-24', 75),
	(3, '2025-07-24', 78),
	(4, '2025-07-24', 82),
	(5, '2025-07-24', 83),
	(6, '2025-07-24', 89);

/*!40103 SET TIME_ZONE=IFNULL(@OLD_TIME_ZONE, 'system') */;
/*!40101 SET SQL_MODE=IFNULL(@OLD_SQL_MODE, '') */;
/*!40014 SET FOREIGN_KEY_CHECKS=IFNULL(@OLD_FOREIGN_KEY_CHECKS, 1) */;
/*!40101 SET CHARACTER_SET_CLIENT=@OLD_CHARACTER_SET_CLIENT */;
/*!40111 SET SQL_NOTES=IFNULL(@OLD_SQL_NOTES, 1) */;

